-- phpMyAdmin SQL Dump
-- version 4.1.14
-- http://www.phpmyadmin.net
--
-- Хост: 127.0.0.1
-- Время создания: Июн 27 2017 г., 18:34
-- Версия сервера: 5.6.17
-- Версия PHP: 5.5.12

SET SQL_MODE = "NO_AUTO_VALUE_ON_ZERO";
SET time_zone = "+00:00";


/*!40101 SET @OLD_CHARACTER_SET_CLIENT=@@CHARACTER_SET_CLIENT */;
/*!40101 SET @OLD_CHARACTER_SET_RESULTS=@@CHARACTER_SET_RESULTS */;
/*!40101 SET @OLD_COLLATION_CONNECTION=@@COLLATION_CONNECTION */;
/*!40101 SET NAMES utf8 */;

--
-- База данных: `books`
--

-- --------------------------------------------------------

--
-- Структура таблицы `authors`
--

CREATE TABLE IF NOT EXISTS `authors` (
  `id_author` int(10) unsigned NOT NULL AUTO_INCREMENT,
  `name` varchar(20) NOT NULL,
  `middle_name` varchar(20) DEFAULT NULL,
  `surname` varchar(20) NOT NULL,
  PRIMARY KEY (`id_author`)
) ENGINE=InnoDB  DEFAULT CHARSET=cp1251 AUTO_INCREMENT=21 ;

--
-- Дамп данных таблицы `authors`
--

INSERT INTO `authors` (`id_author`, `name`, `middle_name`, `surname`) VALUES
(1, 'Стивен', NULL, 'Кинг'),
(2, 'Рэй', 'Дуглас', 'Брэдбери'),
(3, 'Джордж', NULL, 'Оруэлл'),
(4, 'Лев', 'Николаевич', 'Толстой'),
(6, 'Фрэнсис', 'Скотт', 'Фицджеральд'),
(7, 'Джон', 'Рональд Руэл', 'Толкин'),
(8, 'Джоан', NULL, 'Роулинг'),
(9, 'Пола', NULL, 'Хокинс'),
(10, 'Шарлотта', NULL, 'Бронте'),
(11, 'Джоджо', NULL, 'Мойес'),
(12, 'Гиллиан', NULL, 'Флинн'),
(13, 'Антуан де', 'NULL', 'Сент-Экзюпери'),
(14, 'Патрик', NULL, 'Зюскинд'),
(15, 'Джордж', 'Реймонд Ричард', 'Мартин'),
(16, 'Эрнест', NULL, 'Хемингуэй'),
(17, 'Оскар', NULL, 'Уайльд'),
(18, 'Диана', NULL, 'Сеттерфилд'),
(19, 'Эрих', 'Мария', 'Ремарк'),
(20, 'Харпер', NULL, 'Ли');

-- --------------------------------------------------------

--
-- Структура таблицы `books`
--

CREATE TABLE IF NOT EXISTS `books` (
  `id_book` int(10) unsigned NOT NULL AUTO_INCREMENT,
  `name` varchar(100) NOT NULL,
  `id_auth` int(10) unsigned NOT NULL,
  `id_genre` int(10) unsigned NOT NULL,
  `image` varchar(50) NOT NULL,
  `date` year(4) NOT NULL,
  `description` text NOT NULL,
  `comment` text NOT NULL,
  PRIMARY KEY (`id_book`),
  KEY `id_auth` (`id_auth`),
  KEY `id_genre` (`id_genre`)
) ENGINE=InnoDB  DEFAULT CHARSET=cp1251 AUTO_INCREMENT=37 ;

--
-- Дамп данных таблицы `books`
--

INSERT INTO `books` (`id_book`, `name`, `id_auth`, `id_genre`, `image`, `date`, `description`, `comment`) VALUES
(1, '11/22/63', 1, 1, '11-22-63.jpg', 2011, 'Этот роман безоговорочно признают лучшей книгой Стивена Кинга и миллионы фанатов писателя, и серьезные литературные критики.<br>\r\nУбийство президента Кеннеди стало самым трагическим событием американской истории ХХ века. Тайна его до сих пор не раскрыта. Но что, если случится чудо? Если появится возможность отправиться в прошлое и предотвратить катастрофу? Это предстоит выяснить обычному учителю из маленького городка Джейку Эппингу, получившему доступ к временному порталу. Его цель - спасти Кеннеди. Но какова будет цена спасения?', 'Как же рискованно браться за такую сомнительную тему: споры, критика, факты, которые невозможно оспорить, домыслы...в конце концов - это загадочное убийство президента США 22 ноября 1963 года не менее загадочным "подозреваемым" Ли Харви Освальдом. Но я не думаю, что Кинг совершил ошибку, потому что книга фантастическая. Фантастическая и жутко фатальная. От нее веет печальным послевкусием. Главный герой не пожалел ни своего здоровья, ни сил, ни будущего...и рисковал даже своей жизнью. Рискнул он своей жизнь не один раз, а потерял кое-что намного большее и ценное.<br>\r\nТем, кто решит бросить книгу на полпути: не делайте этого! Вы не пожалеете, если пройдете этот путь с Джейком Эппингом или Джорджем Андерсоном до конца.'),
(2, '451 градус по Фаренгейту', 2, 4, '451ГрадусПоФаренгейту.jpg', 1953, 'Поклонникам научной фантастики и книг в жанре антиутопии наверняка известно культовое произведение «451 градус по Фаренгейту». Эта книга была написана Рэем Брэдбери как обличение пороков общества потребления, как своего рода предсказание последствий потребительского мышления, подмены понятий, бездумного принятия навязанных ценностей и моделей поведения. Если вас трогают эти темы, вам, безусловно, стоит прочесть «451 градус по Фаренгейту». Название произведения не случайно — именно при этой температуре горит бумага. В обществе, которое описывается в произведении, все книги, наталкивающие на размышления, подрывающие основы массовой культуры и мотивирующие людей думать самостоятельно, подлежат сожжению. Главный герой, Гай, работает «пожарным»: он сжигает книги и думает, что таким образом приносит обществу пользу, но одна случайная встреча меняет его мышление и, как следствие, всю его жизнь.', 'Честно говоря, я уже не помню, почему решила прочитать этот роман. Поэтому когда я начинала его читать, я не знала примерного содержания и даже жанра этого произведения. Но я уже была знакома с творчеством Рея Бредбери, которое мне в принципе нравится. Роман, как и все произведения Рея Бредбери, изобилует красивыми речевыми оборотами и сложными конструкциями, поэтому читать - одно удовольствие.<br>\r\nВ своем повествовании Рей Бредбери показывает читателю современное общество, общество потребителей, утративших интерес к искусству, литературе и науке. Со всех сторон человека окружает техника, жизнь проста и обыденна, на экранах телевизоров мелькают интересные картинки, а из радио доносятся безэмоциональные монотонные новости, фильтруемые правительством. Люди превращены в зомби, они не помнят своего прошлого и не ценят свое настоящее, они плывут по течению, как роботы, лишенные чувств. Книги, как и другое искусство - находятся под запретом. Те книги, которые несут в себе опасность хоть малейшей возможности заставить человека самостоятельно мыслить, чувствовать, созидать. Удивительно, но этот роман как раз про наше современное общество. Единственное различие - люди сами запрещают себе любить, чувствовать, наслаждаться тем, что дает нам природа. Они с благодарностью принимают то, что диктует им общество, зачастую не имея своего собственного мнения. Они зомбированы новостями, они верят дикторам, вещающим с экранов, и они не помнят своей истории.<br>\r\nЭтот роман не о любви к книгам. Нет. Этот роман о деградации людей, об обществе, которое идет в никуда и завершает свое движение полной разрухой.'),
(3, '1984', 3, 4, '1984.jpeg', 1948, 'Фантастическая антиутопия Оруэлла – это мир тотального контроля и страха, где люди живут ради войны, ради того, чтобы скрыть правду и воспитать настоящих патриотов. В жестоком тоталитарном государстве люди лишены гражданских прав и собственного мнения. Культ Большого Брата подразумевает жесткую социальную иерархию, где даже проявление любви считается мыслепреступлением. Уинстон Смит понимает, что он пешка в этой истории, и тем не менее пытается что-то изменить. «1984» – это аллюзия на страны, в которых господствовал тоталитаризм. В ХХ веке книга была запрещена в социалистических государствах и вызвала волну возмущения по всему миру. Сейчас же «1984» считается ключевым произведением в жанре антиутопии.', 'Книга мне очень нравится.<br>\r\nВо-первых, люблю жанр классической антиутопии(да-да, именно классической, а не современных "Дивергентов" и "Бегущих в лабиринте"). Этот жанр по-настоящему заставляет нас задуматься, до какого состояния мы можем довести нашу планету.<br>\r\nВо-вторых, любовь. Да, в "1984" описаны все мысли и действия человека, который любит всем сердцем. И невольно задумываешься, а ты готов пожертвовать своей жизнью ради жизни любимого человека? Готов ли ты убить себя, чтобы спасти свою любовь? Автор дает прямой ответ на этот вопрос: "Нет, все люди эгоисты, и больше всего на свете они любят себя".<br>\r\nВ-третьих, предательство. Как человек решается на это? До какого физического и духовного состояния его нужно довести, чтобы он предал, как Иуда, всех и вся?<br>\r\nНаконец, в-четвертых, пытки. Не подумайте обо мне ничего плохого! Это не те грязные издевательства над человеком, описаниями которых в последнее время кишат современные книги современных авторов. Нет, это не то. Это снова вопросы. О хрупкости человеческой жизни. О влиянии одного человека на другого. О том, как в человеке убивается всё, даже вера...\r\nМногие вопросы остались открытыми, на многие мы получили ответы автора, но, по-моему, все произведение написано под девизом "Не доводите мир до такого". Советую вам самим найти ответы на эти вопросы.<br>\r\nВ общем, обязательно прочитайте "1984" Джорджа Оруэлла'),
(4, 'Анна Каренина', 4, 3, 'АннаКаренина.jpg', 1977, '«Анна Каренина» — классика мировой литературы, роман, написанный Львом Толстым, трагическая история о любви и счастье, которое разбилось о суровые стены реальности, общественных устоев и стереотипов. Анна Каренина, главная героиня романа — замужняя дама, а ее супруг — влиятельный министр, вместе с которым она растит сына. Семейная жизнь течет своим чередом, пока судьба не сталкивает Анну с Вронским. Случайная встреча изменит всю ее судьбу. Герои влюбляются друг в друга, но Анна не хочет давать волю чувствам и возвращается в Петербург к мужу. Вронский повсюду преследует ее, и, в конце концов, ему удается добиться расположения Анны. Она принимает его ухаживания, но оказывается, что реальная жизнь не похожа на ту сказку, которую герои вообразили.', 'Эта книга - величайшая книга человечества. О семье и о добре. Говорить о ней, осуждать или поддерживать главную героиню можно бесконечно. Но все споры и рассуждения никогда не приведут к единому мнению. Итак, выскажу своё.<br>\r\nАнна Каренина - женщина из высокого общества, котороя никогда не любила своего мужа, а теперь повстречала свою истинную любовь. Многим она может показаться жалкой и несчастной, но я считаю, что каждая женщина должна быть верна мужчине, за которого вышла замуж. Вы скажите, что её выдали насильно и она никогда никого не любила, и что каждая женщина имеет право на любовь. А я с вами не соглашусь. Даже в те времена девушка могла отказаться от предложения о замужестве, родители не могли её заставить. Взять ту же Наташу Ростову. Она, например, отказалась выходить замуж за Денисова. А если уж девушка и вышла замуж, то она ОБЯЗАНА хранить верность своему мужу. Этому прекрасный пример - пушкинская Татьяна. Но вернемся к нашему роману. Я всё-таки считаю Анну женщиной падшей и безнравственной.<br>\r\nО Вронском даже говорить нечего. Человек без силы, без воли, без желаний, без закалки, без решимости. Никакой человек.<br>\r\nКонстантин Левин. Мой любимый персонаж. Вот в ком мы видим спасение души, исцеление, истинную любовь, страдания, жизненные переломы, в общем, все эмоция и события, которые должны произойти в жизни каждого человека. И пусть он неверующий, но всё равно есть какая-то для него высшая сила, которая хранит и защищает его.<br>\r\nКити Щербацкая. В этом герое мы видим взросление личности. Когда она юна, она хочет выйти замуж за Вронского, красивого и статного, не зная даже, как он выглядит и ни разу с ним не разговаривая. В течение романа семейные ценности всё же выходят для неё на первый план и она понимает, что обрести настоящее счастье и любовь она может только с Левиным. Прекрасный пример того, какою должна быть молодая девушка, а затем и женщина, и любящая жена, и мать.<br>\r\nВот те персонажи, о которых мне бы хотелось немножко рассказать. Остальные для меня не имели особой важности, быть может, кроме Стивы и Долли. В целом, роман получился семейным. Разные истории, разные концовки, но урок для всех один: любите тех, кто с вами рядом, и тогда и вы будете любимы!'),
(6, 'Великий Гэтсби', 6, 3, 'ВеликийГэтсби.jpeg', 1925, 'На произведение Френсиса Фицджеральда «Великий Гэтсби» многие обратили внимание после просмотра одноименного фильма с Леонардо ди Каприо в главной роли. Что и говорить — время сухого закона, закрытых вечеринок, гангстерских разборок и джаза действительно манит и привлекает. Это время, когда музыка была громкой и изящной одновременно, гостей было много, а шампанского — еще больше. По крайней мере, в доме загадочного мистера Гэтсби всегда было именно так. Быть может, он прятал за этой маской бесцельность своей жизни? Быть может, так ему было проще не замечать, что окружающая его роскошь – лишь мишура, а женщина, которую он любит – не та, что прежде?<br>\r\nВ те времена состояние мог сделать практически каждый — и с той же сногсшибательной скоростью промотать все до копейки. Но гонясь за богатством, многие забывали о любви, личном счастье и гармонии. Совсем другим был великий Джей Гэтсби, чья история появлялась на экранах кинотеатров уже пять раз. Мы можем надеяться, что лучшие экранизации еще впереди.', 'Хитроплетеные судьбы привлекают любого, особенно если их снабдить богатством и тайной.<br>\r\nПроизведение довелось прочитать после просмотра фильма. И если фильм - это сплошной карнавал, яркими пятнами и музыкой осевший в памяти, то произведение - это повествование мистера Каррауэйя. Его замечания, фразы заставляют верить, что эта история, хоть и не совсем правдивая, но все же настоящая, и открывает тебе ее настоящий человек, со своими мыслями, замечаниями и остроумием.\r\n"Пути Господни неисповедимы" и в судьбе каждого большую роль играет случай. Встречая ту или иную личность, не знаешь, как она западет тебе в душу, как сведет тебя с ума, как заставит тебя действовать...как смотреть на зеленый огонек на противоположном берегу.<br>\r\nДжим Гэтсби сам как этот зеленый огонек. Оставаясь у всех на виду, маня своим богатством, как светом, он оставался недосягаем в пределах своей мечты влюбленного человека.<br>\r\nНикогда не знаешь, куда приведет твоя мечта. И приведет ли она куда-нибудь. И будут ли рядом в этот момент близкие люди.<br>\r\nКнига читается на одном дыхании и ее стоит внести в список тех книг, которые стоит прочесть и "разобрать" на цитаты'),
(7, 'Властелин колец: Братство кольца', 7, 2, 'ВластелинКолецБратствоКольца.jpg', 1954, '«Братство кольца» — первая часть всемирно известной трилогии Джона Рональда Руэла Толкина «Властелин колец». <br>\r\nАвтор создал удивительный мир - Среднеземье, который вот уже без малого пятьдесят лет неодолимо влечет к себе миллионы читателей. Там, в Среднеземье, в стране, управляемой советом волшебников, где в серебряных лесах поют эльфы, в глубоких пещерах добывают драгоценный мифрил гномы, а бескорыстие добрых чародеев постоянно подвергается испытаниям, - разгорается битва Света и Тьмы, исход которой, по воле провидения, зависит от самых маленьких жителей - Хоббитов. <br>\r\nВ первой частиь рассказывается о том, как начался путь Фродо, хранителя Кольца, в Мордор, к Огненной Горе.', 'Джон Толкин создал неповторимый восхитительный мир. который набрал популярность у миллиона читателей и телезрителей.<br>\r\nФильм кстати, тоже сняли великолепно, но его наверно смотрели все и не раз, поэтому о нем говорить много не буду.\r\nА вот про книги стоит сказать отдельно! Вообще каждая книга на меня произвела разное впечатление, какая-то понравилась больше, какая-то меньше. Но говорить про каждую в отдельности не буду, так как всю историю я воспринимаю единой.<br>\r\nТолкин создал незабываемых героев, которые стали для меня родными. В некоторых я даже влюбилась и переживала за них всем сердцем. Так хотелось прочитать счастливый конец. Вообще, от чтения этой серии у меня возникали самый разные эмоции, самые разные ощущения. Книга меня увлекла и удивила. Эта одна из тех книг, которые читаешь медленно, чтобы продлить удовольствие, наслаждаешься каждой страницей, каждой строчкой, словом. К сожалению, несмотря на большой объем, книги заканчиваются быстро, и дочитав, хочется еще!\r\nНа “Властелин колец” написано множество фанфиков, аналогов, но для себя я пока не нашла действительно стоящего, действительно подобного и такого же масштабного.'),
(8, 'Властелин колец: Две крепости', 7, 2, 'ВластелинКолецДвеКрепости.jpg', 1954, '«Две Крепости» — вторая часть всемирно известной трилогии Джона Рональда Руэла Толкина «Властелин колец». <br>\r\nАвтор создал удивительный мир - Среднеземье, который вот уже без малого пятьдесят лет неодолимо влечет к себе миллионы читателей. Там, в Среднеземье, в стране, управляемой советом волшебников, где в серебряных лесах поют эльфы, в глубоких пещерах добывают драгоценный мифрил гномы, а бескорыстие добрых чародеев постоянно подвергается испытаниям, - разгорается битва Света и Тьмы, исход которой, по воле провидения, зависит от самых маленьких жителей - Хоббитов. <br>\r\nВо второй части рассказывается о том, что происходило с членами Братства Кольца после того, как рассеялся отряд.', 'Просто удивительно, насколько второй том отличается от первого. Действие в Братстве кольца разворачивается на протяжении нескольких лет, сам поход Фродо от Торбы до порогов на Андуине занимает почти год. А весь том “Две крепости” уложился в несколько дней. Тебя не покидает ощущение разразившейся бури, какого-то нарастающего тайфуна. Только что, вроде бы, медленно запрягали, а теперь все несется вскачь. \r\nЧто в который раз удивляет меня в мире Толкина - так это изолированность его жителей. Эльфы давным-давно не слышали про гномов, люди не общаются с эльфами, хоббиты вообще закрылись от внешнего мира. Про каких-нибудь онтов и вспоминать не надо - в них вообще уже не верят. Такое ощущение, что этот мир пережил апокалипсис, все связи распались и мозаика больше не складывается. В целом Толкин явно был из тех, кто не верил в прогресс. Золотой век для него был явно в прошлом, а теперешние люди, эльфы, гномы - лишь бледная тень самих себя в иные времена. Иногда эта консервативная манера подводит автора, занося его в разговоры о высших и низших кланах людей. А пока худосочные потомки копошаться в древних развалинах, живут в крепостях, которые не могут ни построить, ни починить. <br>\r\nКак и раньше, Толкин увлечен огромными, неохватными объектами. В этот раз это мордорские горы и Фангорн, еще один осколок былого мирового леса. На их фоне хоббиты становятся еще меньше. В этот раз Толкин дал возможность высказаться и оркам. Оказывается, у них свои проблемы на работе, изрядными сложности с дисциплиной, а неудачи начальства их радуют. Несмотря на негативное отношение автора к этой расе разумных, после их прямой речи их трудно считать исчадиями ада - существа как существа, насильно мобилизованные.'),
(9, 'Властелин колец: Возвращение короля', 7, 2, 'ВластелинКолецВозвращениеКороля.jpg', 1955, '«Возвращение короля» — третья и последняя часть всемирно известной трилогии Джона Рональда Руэла Толкина «Властелин колец». <br>\r\nАвтор создал удивительный мир - Среднеземье, который вот уже без малого пятьдесят лет неодолимо влечет к себе миллионы читателей. Там, в Среднеземье, в стране, управляемой советом волшебников, где в серебряных лесах поют эльфы, в глубоких пещерах добывают драгоценный мифрил гномы, а бескорыстие добрых чародеев постоянно подвергается испытаниям, - разгорается битва Света и Тьмы, исход которой, по воле провидения, зависит от самых маленьких жителей - Хоббитов. <br>\r\nВо последней части рассказывается о финальной битве добра и зла. Герои романа прикладывают огромные силы для противостояния силам Саурона, но всё зависит только от одного существа во всем Средиземье: сможет ли Фродо устоять перед чарами Кольца и уничтожить его?', 'Сложно переоценить влияние «Властелина колец» на мировую художественную литературу. Это эпическое произведение уже давно вышла за рамки каких-либо жанров и благодаря успешной экранизации Питера Джексона, сумевшего бережно сохранить атмосферу книги, стало легко узнаваемым на всей планете, на всех континентах и во всех странах.<br>\r\nТолкиен писал свою эпическую сагу много лет, постоянно добавляя и совершенствуя текст, время от времени отвлекаясь на побочные проекты, но неусыпно помня о своем великом труде. Да, пожалуй «Властелин колец» можно считать opus magnum Толкиена, поскольку совершен очевидно, что Профессор вложил в эту книгу всего себя, свою душу, свои знания, опыт и магию литературного языка. <br>\r\nВ чем же сила и магия «Властелина колец»?<br>\r\n1. В том, что это целый отдельно созданный мир. Это Средиземье, которое никак, совершенно никоим образом не связанно с нашей реальностью, хотя и основано на мифологии европейских народов и вобрало в себя всю сумму их культур. Средиземье выдумано Толкиеном как некое идеальное прибежище для бегства от реальности (эскапизм), как место, наполненное массой тайн, огромный неизведанный мир со своей тысячелетней историей, культурой, языками, расами, географией. Никто никогда до Толкиена ничего подобного не делал. Да, существовало фэнтези, героическое и даже эпическое, вспомним Говарда и его Конана, но ни один из писателей дотолкиеновского периода не прорабатывал так подробно и досконально, практически с нуля, целую вселенную.<br>\r\n2. В том, что «Властелин колец» - одна большая гигантская метафора на наш реальный мир, при помощи которой писатель хотел донести несколько очень важных, простых для понимания истин. Во-первых, что в мире всегда будут существовать проявления добра и зла. Во-вторых, что спасти мир может не обязательно герой с мечом в сияющих доспехах, а совершенно маленькое незаметное существо, от действий которого зависят судьбы всего мира. В-третьих, что победить любого злодея и справиться с любыми бедами можно только вместе, объединившись, забыв все распри и ссоры.<br>\r\n3. Наконец, огромная заслуга «Властелина колец» заключается в том, что Толкиен наметил основы для целого жанра – эпического, масштабного фэнтези, создав несколько важнейших канонов, которым его последователи неукоснительно следовали. Это конечно масштабный театр действий, множество народностей, войны и битвы, политика и поэзия, взаимодействие рас и конечно же язык. Профессор прекрасно понимал, что язык – снова любого мира, следовательно, чтобы создать мир необходимо разработать язык. И Толкиен создал языки – мелодичный язык эльфов, каркающий говор орков, рокочущий язык гномов, насытив пространство Средиземья невероятной атмосферой древности и волшебства.<br>\r\n4. Архетипы. «Властелин колец» архетипичен с первой до последней строчки, поскольку незримо ссылается на многие явления европейской культуры первой половины XX века. Многие находят в образе Саурона силуэт Гитлера, а великое кольцо превращается соответственно в призрак ядерного оружия, способного испепелить весь мир. Многие видят в образе хоббитов самих англичан вперемежку с ирландцами, с их пристрастием к выпивке, а в чертах народов Гондора и Рохана угадываются образы готов и норманнов. Можно найти в книге и другие отсылки, если читать внимательно.'),
(10, 'Гарри Поттер и философский камень', 8, 2, 'ГарриПотттерИФилософскийКамень.jpg', 1997, 'Первая книга из серии "Гарри Поттер".<br>\r\n«Перевернув конверт трясущимися руками, Гарри увидел на обратной стороне лиловую сургучную печать с гербом: лев, орел, барсук и змея вокруг большой буквы "Х"».<br>\r\nГарри Поттер ни разу даже не слышал о «Хогвартсе», но на дверной коврик дома номер четыре по Бирючинной улице начинают падать письма. Адрес написан зелеными чернилами на желтоватом пергаменте, а конверт скрепляет лиловая печать. Однако письма тут же конфисковывают тетя и дядя мальчика, имеющие на редкость скверный характер. Потом, на одиннадцатый день рождения Гарри, в дом врывается гигант по имени Рубеус Хагрид с невероятными новостями: Гарри Поттер – волшебник, и его ждет место в школе колдовства и ведьминских искусств «Хогвартс». Потрясающие приключения начинаются!', 'Есть книги, рассказывать о которых трудно. О хитросплетениях их сюжета известно всем и всё. Самые мельчайшие подробности уже вытащены на свет божий и обглоданы до косточек.<br>\r\nПотому магия таких книг — величина неизвестная. Вот перед нами самый первый «Гарри Поттер», после прочтения которого не покидает вопрос: «Почему?» Да, увлекательно, даже взрослому — а уж ребятёнку в особенности. Да, написано замечательно — читаешь с удовольствием. Да, герои симпатичные — иные даже чересчур. Да, мир притягательный. Ну и что? И до Ролинг писались вполне замечательные детские книги о волшебных приключениях и необычных школах. Почему же именно Гарри Поттер стал кумиром миллионов? Мальчиком, который победил?\r\nУ меня не отыщется однозначного ответа — и, думаю, понадобиться не один десяток лет и целый Эверест литературоведческих штудий, дабы отделить зёрна от плевел, определив циклу Ролинг подобающее место в истории детского чтения. Попробую лишь смоделировать свою начальную реакцию — вполне взрослого, начитанного и, смею надеяться, обладающего литературным вкусом человека, который впервые погрузился в океан фантазий, таящийся под обложкой «Философского камня». <br>\r\nМилая, симпатичная сказка в лучших традициях великой английской литературы: таково самое свежее впечатление. Может, даже излишне традиционная, насыщенная сюжетными штампами. Бедный сиротка, которого третируют злобные родственники, — всем штампам штамп. Естественно, у мальчугана есть скрытые необычные способности, и вообще, в некоторых кругах он невероятно знаменит. Во времена Диккенса и Теккерея Гарри был бы давно потерянным наследником благородной фамилии — потенциальным лордом, пэром и богачом.<br>\r\nПарнишка, естественно, милый и... И вот здесь нас поджидает приятный сюрприз. Создать по-настоящему яркий образ положительного героя невероятно трудно. Конечно, речь идёт о произведениях массовой культуры — не будем лапать Толстого или Достоевского. Возьмите классическую приключенческую прозу тех же англичан, Стивенсона или Скотта. Всякие там Айвенго да Бэлфуры невероятно нудны и напыщенны. Да, они положительные герои — но читательское сердце отдано не им! Гораздо больше симпатии пробуждают персонажи, далёкие от унылой добродетели, Алан Брэк Стюарт, к примеру. Они тоже положительные, но без благостного пафоса. И Гарри Поттер именно такой далеко не пай-мальчик. Немного сорванец (парню всего-то 11!), немножко лодырь, немножко пофигист — в общем, вполне обычный мальчишка с нашего двора. У Гарри есть чувство юмора, он довольно скромен, но без уничижения, не рохля, но не нахал и не задира. Такого мальчугана-ровесника классно иметь своим другом — и многие подростки действительно обрели себе товарища в его лице.<br>\r\nДобавьте к этому целый мир магии, который где-то-здесь-за-углом, ярких второстепенных персонажей, загадочный антураж необычной школы и, конечно же, по-настоящему опасные приключения, в которых «наши» непременно победят... Неудивительно, что детские сердца прочно прикипели к герою, роману и циклу. Но вот почему многие взрослые, словно услышав давно позабытые чарующие звуки дудочки гамельнского крысолова, поплелись по той же дорожке, как стая леммингов?<br>\r\nЛично меня подкупила ностальгия — по давно ушедшему детству, когда и мороженое было слаще, и слёзы чище, и дружба крепче. Никогда не любил школу, а здесь затосковал. Такие чувства проявляются лишь с течением времени — когда детские годы подернулись светлой романтической дымкой, и даже прежние горести на фоне последующих «взрослых» переживаний кажутся невероятно притягательными. Не думаю, что мои чувства уникальны — скорее, Джоан Ролинг удалось поймать многих взрослых на этот крючок неизбывной тоски по ушедшему навсегда времени. Ведь в реальности мне (нам!) никогда не испытать более этих сгинувших радостей и мятущихся чувств. А талантливо написанная книга способна хоть на часок-другой вернуть тебя в те золотые годы... У Ролинг таланта оказалось достаточно, и народ не устоял.<br>\r\n«Философский камень» — самый беззаботный роман серии. С каждым последующим томом история Гарри Поттера всё мрачнела, что тоже неудивительно. Герой взрослел, становились старше и его читатели. Возможно, поэтому к самой первой книге серии отношение особое. Как к первому игрушечному паровозику, который папа подарил на 8 лет...<br>\r\nИтог: отличная детская книга, которую с удовольствием прочтут многие взрослые. Уверена, что время пойдёт ей только на пользу.');
INSERT INTO `books` (`id_book`, `name`, `id_auth`, `id_genre`, `image`, `date`, `description`, `comment`) VALUES
(11, 'Гарри Поттер и Тайная комната', 8, 2, 'ГарриПотттерИТайнаяКомната.jpg', 1998, 'Это вторая книга о приключениях Гарри Поттера. Он снова вступает в отчаянную схватку со злом. На этот раз враг его так силен, что надежды на победу почти нет.<br>\r\nВ Школе чародейства и волшебства «Хогвартс» происходят тревожные события. Кто-то нападает на учеников школы, и преподаватели подозревают, что это таинственное чудовище, которое скрывается в легендарной Тайной комнате. Гарри Поттер и его друзья разгадывают загадку Тайной комнаты, и теперь Гарри снова предстоит сразиться с лордом Волан-де-Мортом. Сумеет ли он победить на этот раз?', 'В детстве я очень любила смотреть именно эту часть Гарри Поттера. Конечно, тогда вышли еще не все фильмы, а только штуки три, если мне память не изменяет, но преданно я любила именно эту часть. Конечно же, все из-за очаровательного василиска. Я постоянно пересматривала фильм и каждый раз ужасно боялась василиска. Он мне даже в кошмарах потом снился. Но это было мое самое любимое развлечение - хлебом не корми, только дай побояться чего-нибудь. На данный момент и фильм, и книгу я оцениваю с несколько иной точки зрения. «Гарри Поттер и Тайная комната» - это книга, в которой Гарри начинает взрослеть. Если в первой книге мы видим маленького мальчика, который только начинает осознавать, что он не просто Гарри из чулана под лестницей, а волшебник, при чем знаменитый чуть ли не с самого рождения, то во второй книге мы наблюдаем уже за его становлением. Конечно, это только начало и Гарри все еще остается маленьким мальчиком, но у него в голове уже начинают появляться вопросы такого плана, как «Верный ли выбор сделала шляпа?» или «Верный ли выбор сделал я?» или, что еще хуже «Похож ли я на Темного Лорда, могу ли я стать таким, как он, или все же я могу выбирать?». Пожалуй, вопросы такого характера терзают каждого человека и совсем не важно маг он или магл. Не могу сказать, что остальные персонажи так уж сильно меняются. Рон все продолжает есть и бояться, Гермиона - ходить в библиотеку (разве что у нее появляется страсть к нарушению школьных правил), близнецы Уизли - шутить, Перси - задаваться, Джинни - краснеть при виде Гарри, Невилл - плохо управляться с палочкой, а Симус наверняка что-нибудь взрывал где-то на заднем плане. Если честно, зная дальнейшее развитие событий, за персонажами наблюдать очень интересно. Временами даже не верится в то, как преобразится, например, Невилл к седьмой книге. Да и остальные ребят изменятся до неузнаваемости. Но все это только впереди. А пока что василиска убили, Гриффиндор опять выиграл кубок школы (Малфой бесится от злости, а Когтевран и Пуффендуй празднуют, хотя их тоже обставили). Люблю эту книгу за Добби. Здесь он впервые появляется перед нами. Честно говоря, его первое появление в доме на Тисовой улице явно не располагает к тому, чтобы его полюбить. Конечно, посочувствовать ему можно, все же его самоистязания не могут не разжалобить, но любить его начинаешь позже, когда понимаешь, что все им совершенное было во благо, он старался помочь, как мог. И пусть, пытаясь спасти Гарри, он сам его чуть не убил пару раз... такое бывает, когда мы хотим, как лучше. Вы же прекрасно знаете, что в таких случаях получается именно «как всегда». И отдельно я люблю эту книгу за Локонса. Ну разве он не прелесть? Да этот персонаж оживляет всю книгу, заставляя ее благоухать и сверкать золотом, как его волосы. Из-за того, что фильмы я пересматривала уже не один раз, то они более прочно укоренились в моем сознании, так что прочитанная только во второй раз книга, в некоторых моментах воспринималась так по-новому, что я даже и не ожидала такого. Оказалось, что я многое уже позабывала. Например, шикарный День святого Валентина и невероятного картавого гнома, который пел Гарри валентинку. А просто шикарная фраза Локонса: «Так я профессор? А я думал, что я идиот!» (не дословно, возможно, но смысл передан точно). А Ник! Его история в фильме совсем опущена, а ведь он так страдал, когда его не приняли в это общество безголовых охотников или как его там. А этом шикарный пир в честь его годовщины смерти. Мрачноватый праздник, но есть в нем свое невероятное очарование. А Филч! В фильме о нем тоже совсем забыли, а ведь благодаря именно второй часть Поттерианы мы можем лучше понять школьного завхоза и даже посочувствовать ему. Ну, совсем немного. Ведь все-так родиться в семье волшебников, при этом совсем не унаследовав магических способностей, ужасно обидно. А!.. Ох, сколько важных мелочей было упущено, сколько всего было не передано в фильме! Но это не беда, ведь есть книга, которую можно перечитывать, используя в качестве лекарства от плохого настроения. А еще эти книги пробуждают веру в волшебство. По-моему, это самое лучшее, что может сделать детская книга. '),
(12, 'Гарри Поттер и узник Азкабана', 8, 2, 'ГарриПотттерИУзникАзкабана.jpg', 1999, 'Третья часть из серии книг о Гарри Поттере.<br>\r\nДвенадцать долгих лет в Азкабане - мрачной тюрьме волшебного мира - содержался всем известный узник по имени Сириус Блэк. Его обвиняли в убийстве тринадцати человек и считали наследником лорда Волан-де-Морта. И вот он бежал, и из оставленных им следов ясно, что на этот раз убийца поставил целью избавиться от Гарри Поттера. Теперь Гарри Поттер в опасности, даже за стенами своей волшебной школы, даже в окружении друзей - потому что среди них есть предатель, готовый открыть убийце путь в Хогвартс.', 'Я с печалью думаю, что закончилось это десятилетие с ожиданием книг и фильмов. Но книги остались, и это позволяет продолжать верить в Гарри и Хогвартс. Пару дней назад по причине болезни и безделья были просмотрены все фильмы один за другим. Но дочитывая эту часть, я поняла, как много всё-таки там не досказано, не дорисовано. И кто бы, что не говорил, книги гораздо лучше фильма - они полнее. Но фильмы так же оформили всё это, дали определенные образы лица. Воплотили в жизнь так сказать. В общем смотреть-читать-смотреть-читать (примерно в таком порядке). Я всё думала, почему же все читавшие так выделяют эту книгу из всех остальных. До этого за неимением ридера, я читала её всего один-два раза (последующие перечитывались миллион и один раз). И я, конечно же, согласна с мнением большинства. Это чудесная часть. В отличие от "Тайной Комнаты" она воспринимается несколько иначе. Если вторая книга заключила меня в какое-то ограниченное пространство труб и зала Василиска - атмосфера была такой. То эта, наоборот, за счет, может быть, крыльев Клювокрыла, передвижение по лесам и полянам расширила восприятие и ощущение от прочитанного. Я уже молчу о том, сколько новых героев (очень важных во всей поттериане между прочим) появляется на страницах "Узника Азкабана". И на фоне этих нововведений нам раскрываются особенности отношений, чувств. Некая психология - ведь Гарри, Рон и Гермиона растут и к тому же узнают очень много того, чего так и не узнают другие дети. Их характеры раскрываются, становятся более сложными. Сомнения, потаенные радости и страхи. Опасный сбежавший из Азкабана Сириус Блэк - преступник, совершивший непростительные вещи. Люпин - новый, профессор по ЗОТС. Это два всеми любимых героя. Образ Северуса Снейпа продолжает нагнетаться. А Дамблдор всё-таки хитрый и умный дед, и чем дальше, тем больше понимаешь насколько он непростой персонаж. Очень необычная идея с тайной Гермионы. В этом случае мне очень понравилось, как обыграли её в фильме, а в книге немного не хватило чего-то. Квидич. В общем и целом, отличная книга, достойная часть. И зная последующие происшествия, я еще более четко понимаю, насколько она прекрасна. Это такой важный переходный этап от детства к взрослому. Тут происходят очень важные события, влекущие за собой ужасающие последствия. Зло крепчает и беззаботное светлое волшебство заканчивается. Приходит что-то страшное и зловещее.. '),
(13, 'Гарри Поттер и Кубок огня', 8, 2, 'ГарриПотттерИКубокОгня.jpg', 2000, 'Четвертая книга из серии приключений о Гарри Поттере.\r\nГарри Поттеру предстоит четвертый год обучения в Школе чародейства и волшебства “Хогвартс”. Новые заклинания, новые зелья, новые учителя, новые предметы… Все это знакомо, и Гарри с нетерпением ожидает начала учебного года. Но на школу внезапно обрушивается потрясающая новость: в этом году в Хогвартсе будет проходить Турнир Трех Волшебников, и конечно же, каждый хочет принять в нем участие… ', 'Незаменимые и самые важные плюсы этой книги - это конечно же главные события и идея. В этом учебном году, в Хогварсте, ученикам и преподавателям предоставляется возможность, (впервые за много лет, кстати), увидеть самые величайший Турнир из когда-либо существовавших - Турнир Трех Волшебников. Наполненный приключениями и опасностями, порой даже смертельными. В Турнире принимают участия ТРИ юных волшебника - исключительно совершеннолетних. И каждый из них представляет свою школу. И вот тут то второй самый классный момент этой книги.. оказывается, есть еще ДРУГИЕ ШКОЛЫ, кроме Хогвартса. Мы так же как Гарри и Рон не читали историю Хогварста внимательно, поэтому Гермиона нам в кратце поведала что мы неучи и идиоты, и что да, такие школы есть. Шармбатон и Дурмстранг. Два новых народа, новые лица, - новые приключения. После множетсва несчастных случаев на прошлых турнирах, министерством была введена куча новых правил и приставлено множество бдительных магов, готовых всгда примчаться на помощь к участникам в случае чего.. Но мы то понимаем, что читаем про Гарри, Рона и Гермиону, а значит без нарушения правил и внезапных опасностей уже не обойдется. Мы то уже заранее знаем, что гладко ничего не пройдет! Это министерство еще не догадывается... Дальше возможны более наглые спойлеры. Чудесная часть, честно. - Что стоит только Альбус Дамблдор пытающийся в начале книги, в Большом зале, после распределения, рассказать ученикам Анекдот! Но МакГонаггал как всегда бдительна.. Концовку мы не узнаем.. (эх..) - Так же, каждый даже не читавший и не смотревший, должен догадаться, что не смотря на все правила и условия в выборе ТРЕХ, СОВЕРШЕННОЛЕТНИХ (прошу заметить эти "незаметные" мелочи) чемпионов, Гарри окажется тем самым исключением, которым он всегда оказывается. Но когда вылетел нежданный листочек из кубка, по телу бегали стада мурашек. - Еще я хотела бы публично заявить: Рон - идиот! Это будет не последняя часть где он поступит отвратительно и странно. Я бы если честно пожиненно завещала ему ухаживать за Соплохвостами Хагрида, за всякие такие поступки. - А еще я побывала.. Где? На кухне Хогварста! Вот уж место хорошее. Вкусно пахнет, тепло, так тебя еще накормят заботливые эльфы домовики (да простит меня Гермиона со своим Г.А.В.Н.Э) - Ну, и конечно, в этой книжке прямо какая-то детективная линия развивается. Что происходит и как это всё понять и кто виноват приходится выяснять всю книгу. Опасность чувствуется, но от кого она исходит, непонятно. - Самое ужасное, что делает эту книгу такой отличающейся от предыдущих - это то, что по сути, детство Гарри кончается именно в этот год. Волан-де-Морт возвращается, а с ним возвращаются трагические события. И именно наш Гарри становится свидетелем этого ужаса.. Пожиратели смерти, пропитанные страхом перед темным Лордом, черные метки и смерть. Первое для нас заклятье "Авада Кедавра" найдет свою цель.. И конечно, глупое тупое Министерство Магии, из-за которого последующие события книг преобретут совсем кровавый и страшный цвет. \r\nДамблдор на прощальном ужине говорит очень важные вещи. Он говорит о том, как важно быть вместе перед лицом страха и опасности. Потому что когда ты один, когда всё разрозненно внутри и снаружи - ты слишком уязвим перед тем, что хочет тебя поразить и сломать. Дамблдор (а скорее сама Роулинг в его образе, но об этом после прочтения 6ой книги) вообще говорит очень много важных вещей, которые относятся не только к волшебному миру Хогварста, но и к тем кто о нем читает. К нам. '),
(14, 'Гарри Поттер и Орден Феникса', 8, 2, 'ГарриПотттерИОрденФеникса.jpg', 2003, 'Пятая книга из серии "Гарри Поттер".\r\nГарри Поттер с нетерпением ждёт окончания каникул и начала пятого учебного года в Хогвартсе. Юный волшебник как никогда страдает от одиночества, а насмешки и придирки Дурсли стали совсем невыносимыми. К тому же он уверен, что Волан-де-Морт восстановил силы и скоро начнёт действовать.\r\nВас снова ждут опасные и захватывающие приключения, жестокая борьба, верные друзья и волшебный мир Гарри Поттера.', 'Меня предупреждали, что в этой книге заканчивается детство Гарри, но это почему-то подействовало на меня, как ведро ледяной воды, вылитое на тебя, когда ты спишь. Это стало для меня такой неожиданностью, что поначалу я даже растерялась – где эта наивность, где эта детская глупость, которая так мне нравилась? Увы, герои повзрослели…   В самом начале книги, мне в глаза бросилось отвратительное поведение Гарри. Да, ни от одного из его друзей ни слуху, ни духу, но это ведь не повод, чтобы начать страдать звездной болезнью! А страдает он ей всю книгу, даже после того, как ему все объяснили. Это, пожалуй, самое неприятное для меня в этой части.   Один из несомненных плюсов этой книги является то, что Роулинг показала, как мнение Министра и вообще всех, кто наверху, кого больше, и кто имеет огромную власть, может скрыть правду, которая звучит из уст не менее влиятельных, но малочисленных волшебников. Профессор Амбридж была послана только для того, чтобы подстроить учеников под собственное мнение, мнение Министерства, но Хогвартс оказался не тем местом, в котором она может на что-то повлиять.   Битва, как всегда занимающая последние главы, снова на высоте. В час ночи я просто не могла заставить себя оторваться от нее, хоть и знала, чем все это закончится. И пусть я не плакала над смертью одного из моих самых любимых героев (не думаю, что для кого-то секрет, кто умрет, но не буду говорить – вдруг кто-то еще не в курсе), и в моей душе на несколько минут тоже разверзлась пропасть… '),
(15, 'Гарри Поттер и Принц-полукровка', 8, 2, 'ГарриПотттерИПринцПолукровка.jpg', 2005, 'Шестая книга о приключениях Гарри Поттера.\r\nГарри вновь пришлось провести летние каникулы у Дурслей. Ему было о чем подумать: смерть его любимого крестного Сириуса Блэка, жестокая схватка между профессором Дамблдором и Лордом Волан-де-Мортом, свидетелем которой он стал. И вот, сидя в своей комнате в доме Дурслей, Гарри Поттер с нетерпением ожидает визита директора школы Хогвартс. Почему профессору понадобилось навестить его именно сейчас? Какое срочное дело не терпит отлагательства до возвращения Гарри в Хогвартс через несколько недель? И еще неизвестно, как отреагируют Дурсли на внезапное появление директора Хогвартса в их доме… ', 'Многотомная сказка приближается к концу, и чем к нему ближе, тем эпичнее она становится. Плохие парни атакуют со всех сторон, а хорошие вынуждены отступать, с каждым днём теряя шансы на светлое будущее. Смутные времена настали, дамы и господа, и вся надежда только на Мальчика, Который Гарри. Ну-Вы-Поняли-Кто возродился, и теперь все в курсе. Гарри, и без того заваленный проблемами и мрачными мыслями по самый шрам, становится объектом для ещё большего количества слухов, разговорчиков, пересудов и обсуждений его самого, его судьбы, его отношений и его нижнего белья. От такой невесёлой популярности далеко не каждый будет находиться в приподнятом настроении, и Поттер как раз из таких личностей, несмотря на то, что думает по этому поводу симпатяжка профессор Снегг. Герою шестнадцать лет и помимо мыслей о судьбах человечества, спасении мира, построении коммунизма и торжестве справедливости, парнишка весьма озабочен проблемами с противоположным полом. А в этом учебном году Гарри у этого самого противоположного пола очень высоко котируется - ещё бы, наш очкастый с Самым-Плохим-Парнем уже давно на "ты"! И в амурном отношении шестая книга самая подробная - тема сисек мальчики/девочки раскрыта на все сто, а самого Гарика в связи с ней ждёт новый поворот. Приятно, что Роулинг продолжает держать марку: шестой том не уступает предыдущим ни в увлекательности, ни в живости языка, ни в проработке мелких сюжетных деталей (в которых и заключён весь цимес), и, что особенно приятно, в новизне, в необычности и отличии чем-то от того, что уж было. Ни один том не обходится без появления новых, и всегда замечательных по колоритности персонажей, а старые знакомые обязательно приподнесут пару-тройку сюрпризов и тузов из рукава. Стоит ли записать это в минусы книге, вопрос трудный, но кто скрывается за таинственным псевдонимом Принц-Полукровка, догадываешься довольно быстро и диву даёшься, как об этом не догадываются персонажи - намёки раскиданы повсюду и надо быть весьма невнимательным, чтобы их не заметить. Приходится списывать это на постоянные переживания героев о том, что скрывается под юбками у девочек и о том, что всё мы умрём - тут уж не до какого-то там Принца-Полукровки, не так ли? Помимо всего прочего, шестая книга отличается повышенным "разбором полётов" среди фанатов. Конечно же, это происходит благодаря ударному финалу - количество холиваров и обсуждений на тему, что же всё-таки произошло и как это всё понимать, превышает число ежедневных запросов в Гугле. А Мама Ро потирает руки и хихикает. Созданный Роулинг волшебный мир далеко не идеален: он масштабен и выстроен с душой и любовью, прекрасно поддаётся воображению, и, что самое важное, он живой, но всё же функционирует с трудом и скрипом - слишком много волшебства, слишком мало логики. И на фоне исчезающей сказочности (которая такой мир оправдывала) и прибывающих жестокости и реализма, это видно всё отчётливее. '),
(16, 'Гарри Поттер и Дары Смерти', 8, 2, 'ГарриПотттерИДары смерти.jpg', 2007, 'Седьмая и последняя книга из серии о Гарри Поттере.\r\nГарри Поттера ждет самое страшное испытание в жизни - смертельная схватка с Волан-де-Мортом. Ждать помощи не от кого - Гарри одинок как никогда… Друзья и враги Гарри предстают в совершенно неожиданном свете. Граница между Добром и Злом становится все призрачнее… В финальной книге Дж.К.Ролинг раскрывает все магические тайны.\r\n', 'Я прочла эту книгу четыре года назад. Но рецензию на нее пишу только сейчас, с содроганием в сердце, отсмотрев последний фильм Саги. Я вспоминаю все - как МЫ с Гарри играли в волшебные шахматы, как МЫ с Гарри посещали Хогсмид под плащем-невидимкой, как МЫ с Гарри тайком пробирались по Хогвартсу, ориентируясь на Карту Мародеров, как МЫ с Гарри переживали смерть Сириуса, как МЫ с Гарри... вступили в последнюю схватку. И победили в ней. А если победили - почему такое стойкое чувство поражения? Почему "All was well" для меня - самые бОльные слова в мире? Почему закрывать книгу было нереально больно, а сегодня, понимая, что приходится отпустить персонажей навсегда, мне становится горько, как будто это я умерла там, где-то на просторах Хогвартса, над которым медленно таяла защитная сфера... Гарри Поттер и его друзья. Мои друзья. Я буду помнить все: - как в школе, не имея денег на книгу, отдала 15 книг из своей коллекции "Ужастики" толстой девочке из моего класса за право прочесть ее книгу за одну ночь, перед премьерой фильма; - как первый раз очутилась в мире Поттера, 11летняя, мечтающая о своем поезде в Хогвартс, читая книгу за ночь под одеялом, с традиционным фонариком; - как во время сеанса на следующий день попала в мир киноПоттера и мне впервые повезло - я нашла под сидением деньги, ровно столько, сколько хватило на первых ТРИ книги о Гарри!!! - как каждая последующая книга была для меня... кусочком детства. Как я взрослела, но всегда имела обратный билет - на поезд в Хогвартс; - как за три дня до моего дня рождения вышла последняя книга, и как мне подарили рукопись на английском в ночь на мой праздник. И как я читала Дары Смерти, захлебываясь слезами. Ролинг говорила, что ей больно было убивать персонажей в книге. Но делала она это налегке - Авады Кедавры летали в воздухе тоннами, наполняя Хогвартс злобой и разрушая его, показывая нам, что детство закончилось. А детство действительно закончилось. Нам больше не стать такими же юными и восторженными. Гарри больше не сесть на поезд в Хогвартс - волшебные двери на вокзале Кингс-Кросс закрыты и для каждого из нас. Каждому из нас предстоит своя финальная схватка с тем злом, что, казалось бы, вокруг, но на деле - живет и в нас, частицей души каждого. И если не убить в себе это зло, пожертвовав, возможно, собой, победителями выйти не получится. У Гарри останется шрам, у каждого из нас - воспоминания. И пусть эти воспоминания напоминают нам о том, что у каждого в этом мире есть своя великая битва, и... свой ключ в детство. Волшебная белая сова и странный великан на мотоцикле больше не ждут нас, но Хогвартс... он глубоко в сердце каждого, кто рос вместе с Гарри. И мы встанем за эту частицу детства стеной, и будем драться до конца. '),
(17, 'Девушка в поезде', 9, 5, 'ДевушкаВПоезде.jpg', 2015, 'Джесс и Джейсон. Такие имена дала Рейчел «безупречным» супругам, за жизнью которых она день за днем наблюдает из окна электрички. У них, похоже, есть все, чего совсем недавно лишилась сама Рейчел, – любовь, счастье, благополучие…\r\nНо однажды, проезжая мимо, она видит, как в дворике коттеджа, где живут Джесс и Джейсон, происходит нечто странное, загадочное, шокирующее. Всего минута – и поезд опять трогается, но этого достаточно, чтобы идеальная картинка исчезла навсегда.\r\nА потом – Джесс пропадает. И Рейчел понимает, что только она, возможно, способна разгадать тайну ее исчезновения. Что делать? Примет ли полиция ее показания всерьез? И надо ли вообще ей вмешиваться в чужую жизнь?', 'Книга "Девушка в поезде" - это отличный синтез сразу нескольких жанров: детектива, любовного романа и триллера.\r\nДействие сюжета разворачивается неспешно. Мы знакомимся с главной героиней по имени Рейчел. Ранним утром Рейчел едет в поезде на работу и ежедневно из окна поезда наблюдает за жизнью молодой пары Джесс и Джейсона, которая проживает в доме недалеко от железнодорожных путей. Она придумала не только имена своим идеальным героям, но и целую жизнь, чем они занимаются, о чем думают, как они относятся друг к другу. Они живут идеальной жизнью, а Рейчел им завидует, ведь не так давно и она радовалась жизни со своим любимым мужем Томом. Но она разрушила свое счастье, свой брак и свою жизнь.\r\nОднажды утром, проезжая мимо дома Джесс и Джейсона, Рейчел видит с Джесс незнакомого мужчину. Это шокирует главную героиню, созданная ею идеальная история рухнула. А на следующий день Джесс пропадает. С этого момента сюжет развивается с невероятной скоростью и как снежный ком обрастает всё новыми невероятными фактами.\r\nПовествование ведется не только от лица Рейчел, но и от двух других героинь. Вместе с главными героями вы будете идти по следу в поисках пропавшей девушки, автор будет подкидывать вам подсказки, но такой развязки вы точно не ожидаете.\r\nЧитать ли эту книгу повторно - это решение каждый может принять для себя сам. Но один раз прочитать ее точно стоит. Закрученный сюжет, непредсказуемые герои, интригующая история и ярка кульминация - всё это в книге "Девушка в поезде".'),
(18, 'Джейн Эйр', 10, 3, 'ДжейнЭйр.jpg', 1947, 'Викторианская Англия. После восьми лет, проведенных в пансионе для бедных девочек, сирота Джейн Эйр получает место гувернантки в Торнфилде — вотчине Эдварда Ферфакса Рочестера. Хозяин поместья редко наведывается в родные края, а в его отсутствие Джейн должна присматривать за восьмилетней Адель Варанс — воспитанницей аристократа. И вот однажды Рочестер возвращается. Так начинается одна из самых известных романтических историй в европейской литературе…', 'Многим знакомо это чувство, когда в самом начале книги ты растягиваешь количество страничек, чтобы насладиться в полной мере изяществом слога и приятной ненавязчивостью сюжета, но вот за плечами треть книги, ты мысленно проклинаешь свой порыв, ввиду которого дочитываешь произведение залпом, не позволяя себе ни на мгновение отвлечься. "Джен Эйр" - как раз тот самый случай в моей читательской практике. Страшное дело - несколько лет назад я стала жертвой предрассудков касательно этой книги. После широкой популярности среди ровесников музыкальной альтернативной группы Jane Air у меня было почти физическое отторжение от данного произведения; теперь же злые чары рассеяны и я негодую - как эти люди вообще посмели покуситься на святое?! Это просто потрясающая книга! Великолепная! Шедевр! Вы уж простите мне этот взрыв эмоций, но сдерживать я его просто не способна. Да и зачем? Какая кладезь здесь всего! Как ловко и изящно изобличается никчёмность внешнего лоска! Как умело высмеиваются человеческие пороки! Но, кроме того, эта история о душевной красоте, о храбрости, о преданной привязанности сердца. Джен Эйр, малышка Дженет, как бы мне хотелось быть похожей на тебя! Предельная искренность и покоряющая честность, сила духа и оптимизм, воля к жизни и страсть к справедливости - это лишь часть достоинств этой юной леди. Страшно представить, через какие испытания ей пришлось пройти, чтобы добиться своего счастья, но прошла она через них с достоинством. Я с трепетом наблюдала за историей мисс Джен и мистера Рочестера. Согласитесь, невероятно гармоничная пара. Что-что? Большая разница в возрасте? Дорогие мои, я вас уверяю: там где есть высокие и светлые чувства, нет места предрассудкам. Если вы всё ещё убеждены в обратном, посмотрите на главных героев - он поистине счастливы в своём браке. А разве этого недостаточно?.. '),
(19, 'До встречи с тобой', 11, 3, 'ДоВстречиСТобой.jpeg', 2013, 'Лу Кларк знает, сколько шагов от автобусной остановки до ее дома. Она знает, что ей очень нравится работа в кафе и что, скорее всего, она не любит своего бойфренда Патрика. Но Лу не знает, что вот-вот потеряет свою работу и что в ближайшем будущем ей понадобятся все силы, чтобы преодолеть свалившиеся на нее проблемы.\r\nУилл Трейнор знает, что сбивший его мотоциклист отнял у него желание жить. И он точно знает, что надо сделать, чтобы положить конец всему этому. Но он не знает, что Лу скоро ворвется в его мир буйством красок. И они оба не знают, что навсегда изменят жизнь друг друга.', 'Много слышала об этой книге и наконец, решилась ее прочитать.\r\nНесмотря на всю “сопливость” и “мыльность” истории, книга мне понравилась.\r\nЭто история о любви молодого человека Уилла, который после страшного ДТП становится инвалидом, причем таким, который все, что может делать сам это есть, и то с ложечки которую ему подносит кто-то другой. У Уилла серьезный пожизненный диагноз, с которым смирится очень сложно. Но вот однажды к нему в сиделки устраивается девушка Луиза - добрая, хорошая, симпатичная. И на этой работе перед ней встает непростая миссия - не только ухаживать за больным инвалидом, но заставить его полюбить жизнь такой какая она у него теперь будет.\r\nТолько во всей этой истории, любить жизнь учит не Луиза Кларка, а он ее. Почему? Да потому что у Луизы есть все возможности жить полной жизнью, радоваться мелочам и добиваться желаемого. Прожить жизнь так, чтобы запомнить каждый миг,чтобы каждый день проходил не впустую.\r\nКларк открывает Луизе глаза на многие вещи, и не только ей, но и читателям. Ведь эта история настолько проникновенная и эмоциональная, что заставляет задуматься над собственной жизнью.\r\nКонечно же и без любви здесь не обходится, ведь Кларк, хоть и инвалид, но весьма обаятельный и симпатичный парень. И своей харизмой и энергетикой конечно же влюбляет в себя Луизу. Но зачем? Зачем ему жить так, зачем портить жизнь окружающим, тем кого он любит? Уилл решает, что так продолжаться больше не может…\r\nФинал истории был хоть и предсказуемый, но очень трогательный. Но все же в глубине души надеялась на чудесное исцеление героя, но конечно же его не было. Ведь в жизни так не бывает…');
INSERT INTO `books` (`id_book`, `name`, `id_auth`, `id_genre`, `image`, `date`, `description`, `comment`) VALUES
(20, 'Исчезнувшая', 12, 5, 'Исчезнувшая.jpg', 2013, 'Все было готово для празднования пятилетнего юбилея супружеской жизни, когда вдруг необъяснимо пропал один из виновников торжества. Остались следы борьбы в доме, кровь, которую явно пытались стереть, и цепочка ключей в игре под названием охота за сокровищами; красивая, умная и невероятно изобретательная жена ежегодно устраивала ее для своего обожаемого мужа. И похоже, что эти ключи размещенные ею тут и там странные записки и не менее странные безделушки дают единственный шанс пролить свет на судьбу исчезнувшей. Вот только не придется ли охотнику в процессе поиска раскрыть миру и пару-тройку собственных малосимпатичных тайн?', 'Если честно, я разочарован. Я ожидал гораздо большего. Я думал, эта книга заберется ко мне в садик и начнет кромсать морковь секатором, а я буду улыбаться. Но нет. Никакой экзальтации. Это очень неправильная книга – вроде и написана хорошо, сюжет затейный, но ты все ждешь-ждешь от неё в конце, что она разденется, а она только глупо хихикает и просит еще один коктейль. Кроме того, что наша дурнушка толстовата в объеме, у неё еще и проблемы с характером. Главные герои начинают вызывать некий дискомфорт уже с самого начала, а элемент саспенса в конфигурациях их отношений так и не появляется. Ты опять ждешь-ждешь, но такой необходимый сюжетный твист, который должен щелкнуть по носу, превращается в подлинное занудство. Хотите спойлер? Да просто откройте оглавление. Этого достаточно, чтобы понять, что это никакой не триллер. Нет состава преступления, хмуро бы сказал лейтенант Соколов и выразительно бы посмотрел на дверь. Так и получается, что большую часть книги всегда присутствует некое раздражение, то феминизмом, то идиотизмом, то гремучей смесью вышеперечисленного. Это не бешенство кособокостью и фанерностью героев, я уже сказал выше – они просто дискомфортны для читателя. Сказать, что это плохая книга тоже нельзя – это хороший пример неоклассического триллера, когда автор варит борщ, но пропускает его через блендер. Необычно, но вкусно. Но все равно все в этой книге не так, ей даже мои метафоры не идут. Кстати, вот еще одна. Роман Гиллиан Флинн «Исчезнувшая» подобен пирожку с мясом, который можно купить в сомнительных уличных заведениях, которые собачки избегают за километр. Как только вы впиваетесь зубами в его плоть (пирожка), то вы ожидаете небольшую прослойку теста и вкусный фарш. Но получаете только тесто. А потом еще тесто. Мясо в лучшем случае начинается к середине, и как только вы начинаете его ощущать на вкус, то тут кончается пирожок. И еще – вам сказали, что это телятина, но на самом деле эту телятину звали Сэм и он жил у вашего соседа и писал на лестничной клетке. Кому хочется попробовать – дерзайте, ведь на вкус и цвет все фломастеры разные. '),
(21, 'Маленький Принц', 13, 6, 'МаленькийПринц.jpg', 1943, 'Самое знаменитое произведение Антуана де Сент-Экзюпери с авторскими рисунками. Мудрая и "человечная" сказка-притча, в которой просто и проникновенно говорится о самом важном: о дружбе и любви, о долге и верности, о красоте и нетерпимости к злу. \r\n"Все мы родом из детства", - напоминает великий француз и знакомит нас с самым загадочным и трогательным героем мировой литературы.', 'Совсем недавно я с ужасом поняла, что окончательно стала взрослой. Что не могу вспомнить, когда последний раз смотрела на звездное небо, разыскивая там знакомые созвездия или выдумывая новые. Что все больше внимания обращаю на цифры, и все меньше на разные трогательные мелочи. Что вопросы сестренки о том, почему небо голубое, а горы - высокие, начинают казаться бессмысленными и глупыми. Что не помню, какого цвета рассвет. Что почти перестала любить цветы. Что перестала стремиться узнавать что-то новое. Что забыла как это, смотреть не глазами, а сердцем. Забыла, что мир цветной, яркий и шумный. Забыла как это, громко смеяться над пустяками и пищать от восторга, скатываясь с высокой горы на санках. Что я почти стала грибом.\r\nВсе взрослые сначала были детьми, только мало кто из них об этом помнит.\r\nТак вот, "Маленький принц" - это отличное противоядие от взрослости. Принимать его надо регулярно, как только вы перестаете видеть в шляпе слона, проглоченного удавом, или как только барашек почему-то перестает блеять из коробки. Как только Лис превращается для вас просто в животное отряда млекопитающих семейства псовых, а все Розы становятся на одно лицо и вы уже не можете выбрать из них ту самую, единственную.\r\n"Если любишь цветок - единственный, какого больше нет ни на одной из многих миллионов звезд, - этого довольно: смотришь на небо - и ты счастлив. И говоришь себе: "Где-то там живет мой цветок..."\r\nЯ чертовски благодарна Экзюпери, за то, что этой небольшой сказкой он смог сделать невероятное - подарить детям замечательного друга, а взрослым - мудрого наставника, который поможет тому ребенку, который есть внутри нас, хотя бы не надолго вытеснить строгого надменного взрослого. И звезды засияют для вас немного ярче. И может быть даже подмигнут, намекая на секреты, известные только вам и им.\r\n"- У каждого человека свои звезды. Одним - тем, кто странствует, - они указывают путь. Для других это просто маленькие огоньки. Для ученых они - как задача, которую надо решить. Для моего дельца они - золото. Но для всех этих людей звезды - немые. А у тебя будут совсем особенные звезды...\r\n- Как так?\r\n- Ты посмотришь ночью на небо, а ведь там будет такая звезда, где я живу, где я смеюсь, - и ты услышишь, что все звезды смеются. У тебя будут звезды, которые умеют смеяться!"'),
(22, 'Оно', 1, 7, 'Оно.png', 1986, 'Что делать, когда прошлое ломится в двери? Кажется, что годы стирают любые страхи — но только не те, что тянутся с детства. Тридцать лет назад маленький провинциальный город захлестнула катастрофа: тогда семеро друзей смогли остановить этот ужас и, казалось, навсегда избавить мир от зла. Но Оно никуда не исчезало, Оно просто затаилось в ожидании подходящего момента, чтобы вернуться и разрушить тихую и спокойную жизнь каждого, кто когда-то пытался с Ним бороться. Это значит, что снова прольется кровь, и Оно не остановится, пока не уничтожит все на своем пути... Только те, кто однажды уже смотрели смерти в глаза, могут одолеть Его. Один из лучших романов Стивена Кинга наравне с одноименной экранизацией – это идеальное воплощение настоящего кошмара. Читатели убедятся, что зло может принять любой облик, олицетворяя собой страхи каждого героя. И единственный способ одолеть зло – это посмотреть Ему в глаза…', 'Перед тем, как прийти к творчеству Стивена Кинга, мне довелось посмотреть несколько фильмов, основанных на его книгах. Поскольку, эти кинокартины в большинстве случаев радовали меня, интерес к первоисточнику всё возрастал. Наконец, мои руки дошли до книги мистера Кинга. Первой из них стала "Оно" - роман большого размера, который я бы сравнил с эпопеей. Довольно странный выбор для знакомства с творчеством, поскольку книга не так известна в широких кругах и в большинстве рейтингов лучших романов писателя она не стоит в первых строчках. Однако, я не ошибся в своём выборе и после прочтения книги могу сказать, что многие зря недооценивают её.\r\nОдним из главных плюсов книги я считаю параллельное повествование в разных временных отрезках. Кинг не только мастерски совмещает 2 сюжетные линии, но и заставляет их перекликаться друг с другом. Однако, минусом для меня стали постоянные перемещения из одного времени в другое в последней части романа. Я прекрасно понимаю, что это было сознательным приёмом автора, но мне эта особенность показалась излишней. Кульминация событий в 1985 года(!) происходит раньше, чем событий 1958. И по этой причине интерес к сюжету утрачивается. По-моему мнению, было бы правильнее сначала закончить с прошлым, ведь большинство читателей интересовало, чем же закончилась история в итоге.\r\nОдной из главных тем произведения является взросление человека. Автор пытается выяснить, где же проходит та грань между взрослой жизнью и детством. В данной книге мы можем проследить изменение характеров героев, мотивы их поступков; в чём причина того, что они выросли именно такими, а не другими. Подобные особенности сюжета позволяют мне назвать этот роман психологическим.\r\nДействие романа происходит в вымышленном городе Дерри, но в его существование трудно не поверить - настолько всё проработано. Кинг не только создал географию и инфраструктуру города, но и наполнил её большим количеством персонажей. Причём, они не являются шаблонными, у каждого из них свой особенный жизненный путь, часто связанный с какой-либо городской историей.\r\nО главных героях можно написать отдельную книгу. Тут нет типичного «героя», «своего парня», «мудреца» и прочих архетипов. Каждый из персонажей – особенный. Да, у них есть какое-то определённое качество, отличающее их от других, но это скорее типичная черта людей, в целом, а не задумка автора. Единственным лишним персонажем я считаю Стэна. Возможно, он нужен был Кингу, чтобы изобразить насколько пугающим был «Оно», и как он может повлиять на жизнь персонажа. Но тогда зачем нужно было делать этого героя главным и уделять ему так много места? Автор пытался «оживить» Стэна какими-то особенностями, например, любовью к птицам, но для меня он так и остался «безликим парнем», которого я постоянно путаю с Эдди.\r\nГлавный антагонист интересен обилием своих образов, но в то же время, в нём отсутствует психология. Его «вселенское» происхождение мало сочетается с манерой разговора и его действиями. Особенно меня огорчил «Черепаха», потому что его фразы в духе: «Молодец, чувак", - никак не сочетаются с его происхождением. Но я думаю, что это скорее характерная черта Кинга, поэтому не буду придираться.\r\nВозможно, я выделил больше минусов, чем плюсов, но причина этого только в том, что они «бросались в глаза». Если бы я не затронул минусы, то моя рецензия выглядела бы примерно так: «Персонажи 10\\10, сюжет классный, атмосфера прекрасная, всем прочитать. Конец".\r\nЯ ни капли не жалею о том, что начал знакомство с творчеством Кинга именно с этого романа. Для меня, как для человека, который в будущем хочет связать свою жизнь с литературой, он показался очень интересным: своей структурой, проработкой персонажей, множеством описаний и хорошим сюжетом. \r\nОднако хочу подчеркнуть, что не каждый осилит эту книгу, по причине большого размера. В моём издании - 1200+ страниц. Также, в романе присутствует насилие, ругательство, сексуальные сцены. Возможно, для кого-то это будет проблемой, но я считаю, что это не повод не читать "Оно". Всё-таки это не классическая литература.'),
(23, 'Парфюмер. История одного убийцы', 14, 8, 'Парфюмер.jpg', 1985, 'Это «Парфюмер». Культовый роман, который не нуждается в представлении. Опубликованный впервые в Швейцарии в 1985 году, он сразу завоевал бешеную популярность и продолжает занимать прочное место в первой десятке мировых бестселлеров до сих пор. Сегодня его автор — Патрик Зюскинд — настоящая звезда интеллектуальной моды, один из лидеров художественного истэблишмента Старого и Нового Света. За последнее время такого стремительного взлета не знал ни один литератор, пишущий на немецком языке.', 'Жан-Батист Гренуй... Он одарен, а значит - избран. Для него мир - это грандиозная структура, выстроенная из одного единственного материала. Материала незримого, неуловимого, призрачного, дурманящего и вызывающего множество ассоциаций. Материала, не подлежащего тлену, его не берет ничто - ни Время, ни вода, ни огонь, ни магия, ни колдовство. Он вездесущий и неистребимый, его натиск невозможно остановить никакими силами. Он вечен в своей изменчивости, он вечен в воздухе, он впитался во все сущее, он присутствует. У него миллионы составляющих, бесчисленное количество оттенков и нюансов, множество гамм и контрастов, и всего лишь два явления - аромат и вонь. Материал, ставший, одновременно, и призванием и проклятием Гренуя - его Величество Запах! Перед нами великолепное творение Зюскинда, его шедевр и слово, которое я с уверенностью и без колебаний внесла в личный список книг, которые должны занять одно из почетных мест в домашней библиотеке. Это не роман. Это легенда о Гении, чья душа была куплена Дьяволом изначально, еще в материнской утробе. Гренуй был рожден детоубийцей - женщиной, которая выбрасывала из себя плод в чешую и смердящую жижу из рыбных потрохов. Ни один из ее плодов не выживал и был выкинут на помойку вместе с отходами из рыбной лавки, но женщина продолжала вынашивать, рожать, оставлять умирать. Но однажды родился Гренуй, и в отличии от своих предшественников, не захотел, чтобы его смывали в помойку, он заорал во все горло - это былом первым заявлением Я есть. Для Гренуя не было иного бога, кроме запаха. Он ориентировался в мире только по запахам. В одном дуновении ветра он умел различать множество ликов запаха. Его обоняние раскрывало тайну аромата. Гренуй взламывал коды, входил в храм, в обитель Запаха и преклонял голову в беззвучной молитве к своему Господину. Главным же стремлением Гренуя было найти и обладать человеческим запахом. Выявит его, вдохнуть и погрузиться в сводящую с ума, субстанцию, дотронуться, обладать, приковать, распять его, сохранить... Воспеть аромат женщины через смерть, превратить ее в вечность. Зюскинд рассказал легенду о злом Гении, о Зле как таковом, которое предъявило желание господствовать над миром, обладая мощным оружием - дурманом. Зло - это великий соблазн, и человек поддается ему, сам того не осознавая. Вспомните, что творится с толпой, когда Гренуй предстает перед ней: она поклоняется идолу Зла! Толпа под чарами аромата, который подчинил себе Гренуй, убивая невинных девушек. А что есть толпа? Это отдельно взятый человек. И Зюскинд прекрасно дал возможность увидеть, как человек превращается в пленника, теряя самообладание. Запах - это хаос, построенный на контрастах. Ведь самые изысканные духи - это неповторимое смешение контрастов. Они сводят с ума, вызывают сильнейшие эмоции, которым невозможно противостоять. Гренуй хотел подчинить себе то, чем был обделен. Он не имел запаха. Дьявол продолжает вести борьбу за то, что у него никогда не было - за Царство. Зло наступает, атакует, наносит удары, проливает кровь, неистовствует. Вечная борьба. Вечная, как запах. '),
(24, 'Песнь Льда и Пламени: Игра престолов', 15, 2, 'ПесньЛьдаИПламениИграПрестолов.jpeg', 1996, 'Первая часть саги Джорджа Мартина.\r\nЛорды и герои, воины и чернокнижники совершают великие деянии и предательства, плетут политические интриги, борются за власть, любят и погибают – все ради того, чтобы исполнилось древнее пророчество о мире Семи Королевств – мире суровых земель вечного холода и цветущих земель вечного лета.', 'Первый роман из цикла "Песнь Льда и Огня" Джорджа Мартина стал настоящим прорывом в 2011 году. С прилавков стали исчезать абсолютно все книги , автором которых значился Джордж Мартин. Люди , не любившие раньше читать , стали боготворить Джорджа Мартина и весь жанр фэнтэзи в целом. Однако , так ли хороша первая книга из цикла " Песнь Льда и Огня "?\r\nПервая книга вводит нас в мир , напоминающий Средневековый , а именно - Семь Королевств. Главным действующим персонажем в первой книги является Эддард Старк , и ,несмотря, на большое количество персонажей от которых ведётся повествование, именно Эддард является центральным персонажем "Игры Престолов".\r\n\r\nКнига очень интересна и богата на события. За всю книгу происходит столько действий , сколько вы и представить не можете.\r\nТакже знаете , книга по которой снят фильм или сериал , обычно обладает так называемым "Синдромом Неполноценности". Эта книга - не из их счёта. Интересно будет читать в любом случае.\r\nКровожадность Мартина. Я не считаю это плюсом или минусом книги , так как эта книга - это мир , который автор передаёт нам , возможно с небольшими корректировками , но он передаёт нам её полноценно.'),
(25, 'Песнь Льда и Пламени: Битва королей', 15, 2, 'ПесньЛьдаИПламениБитваКоролей.jpeg', 1998, '«Битва королей» – это вторая книга из серии «Песнь Льда и Огня». На семь королевств опускается тьма. Силы зла набирают мощь, а в мире царит хаос ожесточенной войны. Кровавые реки омывают берега, оголодавшие люди в ужасе бегут из деревень, а брат идет на брата. Все лорды, о которых раньше складывали песни, мертвы. Началась великая битва королей за Железный трон. Упоенные войной, они даже не замечают, что стремительным вихрем на них несется смерть и настоящий ужас, который им не преодолеть. ', 'К чтению второй части саги я приступала с опаской, и зря. Все такой же напряженный сюжет, взамен ушедшим героям пришли новые не менее интересные, детям из первой книги пришлось стремительно взрослеть. Тайны и загадки первой части продолжают интриговать и во второй.Ох уж этот Мартин! Из-за него и его книг я: несколько раз опоздала на работу, опаздывала на встречи с друзьями( а от некоторых вообще отказывалась), не высыпалась и совсем не обращала внимание на то, что ем. И, если при чтении некоторых для меня менее интересных глав( читай – Кейтилин,) я еще могла хоть как то оторваться от книги, то когда описывались события моих любимых персонажей ( хоть я, зная о внезапной смертности вообще всех героев у Мартина, старалась не привыкать к Арье, Тириону, Дейенерис и Джону, у меня ничего не получилось...) оторвать меня от книги могло бы разве что наступление Апокалипсиса. Да и то вряд ли.\r\nНе могу до сих пор понять, почему позволяю автору-садисту ловить меня на симпатии к героям и снова надеяться на то, что вот сейчас, за поворотом, все "наши" встретятся, и дальше пойдут единым мощным фронтом...не в этой книге. Где Голливуд? Почему Арья с Иглой не победила всех приспешников нового короля и не спасла отца? Почему Санса до сих пор не устроила засаду в спальне Джоффри и не задушила его? Или не заколола? Наконец, почему Джона Сноу до сих пор не отправили домой, в Винтерфелл? Я правда хочу чуточку старого, доброго, предсказуемого Голливуда, где Главные Положительные всегда доживают до конца. Книга получилась довольно жесткой, понимаешь что хэпи-энд, это не для этой саги, но все таки надежда на лучшее остается.'),
(26, 'Песнь Льда и Пламени:Пир стервятников', 15, 2, 'ПесньЛьдаИПламенПирСтервятников.jpeg', 2005, 'Четвертый роман из цикла «Песнь Льда и Огня» повествует о продолжающейся в Вестеросе войне. Основной военный конфликт на время затихает, поэтому герои получают короткую передышку, чтобы воплотить свои самые коварные планы в жизнь. Власть попадает в руки к одному из главных врагов Семи королевств, поэтому многие судьбы висят на волоске. Каждый, кто посягнул на честь и достоинство, совсем скоро ответит за это перед Богами. Но пока высший свет развлекается жестокими играми, Ночной дозор готовится встретиться со смертью лицом к лицу. Пожалуй, «Пир стервятников» можно назвать одной из самых справедливых книг серии. ', 'Само название очень метко показывает суть книги. Война со Старками в общем своем счете почти кончилась, большинство крупных событий произошло, и множество персонажей погибло. «Пир» — это по сути своей такое описание «послевоенного» время. (В мире в общем, и в Вестеросе в частности). Время раздачи наград победителям, презренного гонения побежденных, появление основания для новых интриг. Это время, когда проявляются последствия войны. \r\nА последствия здесь несут очень тяжелый характер. Лучше всего это просматривается в линии Бриенны. Все эти «погоревшие» деревни, общее «мрачное» настроение населения, некоторая партизанщина. Страшные в общем времена. \r\nТеперь о персонажах, они все-такие же интересные и индивидуальные. Понравилось появляние линии Серсеи. Очень было интересно взглянуть на все происходящие события с ее стороны. Джейме все больше и больше вызывает симпатию , его поступки хорошо показывают его внутреннее состояние. Из прежнего «удалого гордого бойца» он все больше превращается в нового, интересного человека. Также на протяжении всей книги в голове крутилась фраза :«и слова могут убивать». То , как фраза Тириона терзала Джейме на протяжении всей книги — очень интересная находка и добавляет «живости» персонажу (хотя казалось бы, куда уж дальше). \r\nОдно из самых интересных «закулисных идей» на мой взгляд получилось некотрое ,невольное сранение Арьи и Сансы. Несмотря на то, что они сестры , они обе теперь отличаются как небо и земля. (имеются ввиду их поступки, т.к. они и раньше не были похожи). Упрямая и твердая Арья,желающая идти до-конца и тонкая и изящная Санса, которую Петир Бейлиш похоже научит высшему мастерству интриги. В книге линия Арья для меня получилась все же интересней — уж больно по душе все эти «монахи» , «непонятный бог» . За этим явно что-то кроется, но что ? Раньше времени Мартин нам никогда не скажет. А жаль. \r\nСэм в этом томе безусловно остался самим собой, в стандартных ситуациях — он трус (хотя уже намного смелее и увереннее , чем раньше ) , в опасности — герой. Типаж интересный , но без изменений. Гораздо интереснее его линия сюжетно. Те места в которых он побывал (Браавос , плаванье и тд. ) — весьма запоминающиеся, так же интересно , как он пытается держаться за правилами и обетами Дозора, но чаще всего это не удается. \r\nНовые персонажи- Железные люди , находка вполне интересная, их образ жизни нов и немного странен. Обычаи тоже. Плюс от них напрямую отходят сюжетные мостки ведующие к Дейенерис. \r\nВообще таких «мостков» очень много, некоторые отправляют нас к Дейенерис , некоторые к Стене и прочему. Но все пронизано каким-то темным ожиданием. Чувствуется что это лишь затишье перед бурей, однако долго оно вряд ли продлится. Главное чего я искренне не желала бы Мартину — это «подтянуть» всех персонажей и армии в одно место и свалить там их в одну большую и страшную кучу. \r\nНекоторые говорили про «затянутость» книги и ее «скучность» . Лично мне книга скучной не показалась, если скукой является осутствие масштабных битв и событий, то тогда все понятно. \r\nКонечно в конце книги большинство линий подтягиваются к критическим ситуациям, некоторые лишь обрываются без особых происшествий для жизни героя, но некоторые напрямую угрожают жизни персонажей. Продолжение всех линий мы не узнаем вплоть до 6ой книги, конечно в «Танцах» кое-какие линии останутся , но все линии вряд ли найдут свое сюжетное продолжение в пятой книге. \r\nТеперь я понимаю что так грызло меня на протяжении всех четырех книг — я ясно вижу в этих книгах кино (или сериал — не важно) . Живая и интересная киноэпопея , со множеством персонажей и событий — эта эпопея наверняка потрясла бы весь мир. Но увы , сердце просит одно , а разум понимает другое — это невозможно. Какие-нибудь моменты уберут, где-то что-то недопоймут , там еще-что- то произойдет.... В общем хотелось бы — но лучше не надо. \r\nЧетвертый том все так же хорош, он подводит половину линий на «край сюжета» , другая половина безусловно будет в 5ой книге, и обе эти «половины» соединятся наверняка лишь книге в 6ой. Но сейчас не об этом. Если вы читали первые три книги — вы прочтете и четвертую, если вы еще не начали читать эту серию — сделайте это обязательно. Это одно из лучших что случалось в современной литературе. Что остается тем, кто уже закончил 4 тома ? Только скрестить пальцы и ждать продолжения....'),
(27, 'Песнь Льда и Пламени: Танец с драконами', 15, 2, 'ПесньЛьдаИПламениТанецСДраконами.jpeg', 2011, 'Книга «Танец с драконами» — это уже пятый том цикла «Песнь Льда и Огня». Интересно, что события этой книги и предыдущей части «Пир стервятников» происходят параллельно, однако ближе к концовке некоторые сюжетные линии из четвертого тома получают неожиданное продолжение. Эта история — отличная возможность отвлечься от будней и погрузиться в чарующий, опасный, чувственный и жестокий мир средневекового фэнтези. Название книги — это метафора, с помощью которой в Семи королевствах обозначают войну. Войну замышляют во всех частях света, борьба за Железный Трон обостряется. В «Танце с драконами» вас ждет буйство любви и ненависти, кровавые события, политика, а также невидимая рука судьбы, которая решает исход противостояния.', 'Несмотря на мою высокую оценку этой книги, я не назвал бы ее шедевром. Мартин настолько неспешно развивает сюжет, что иногда создается впечатление о том, что эта эпопея будет бесконечна в отличии от нашей жизни. Но я не могу не признать талант автора, он настолько мастерски владеет слогом, что даже в сценах в которых фактически камерные, умудряется заставить читателя вчитываться в каждое слово так, как умирающий от жажды прикладывается к чарке воды.\r\nСюжет фактически стоит на месте, да интриги никуда не делись, но с точки развития движения фактически нет, он опять подкидывает новых персонажей которые разбавляют сюжет, но столь же верно отдаляют развязку. Наши любимые и не любимые герои не развиваются вообще, вот бы чему Мартину поучиться у Аберкромби — персонажи его Первого закона начав путь в первом романе, фактически перерождаются к концу третьего, а тут топтание на месте, хотя и безумно интересное. Хотя лично для себя я нашел один большой плюс в этой книге — наконец-то приключения стали приключениями, в кои то веки появился какой-никакой, но драйв. Там где весь «Пир стервятников» состоял практически из разговоров, мыслей героев, «Танец драконов» — плавает, скачет, сражается и делает еще много чего сравнявшись в этом с лучшей книгой цикла «Буря мечей» (имхо).\r\nМартину желать особо нечего, а вот нам, читателям, остается пожелать терпения в ожидания очередного magnum opus.');
INSERT INTO `books` (`id_book`, `name`, `id_auth`, `id_genre`, `image`, `date`, `description`, `comment`) VALUES
(28, 'Песнь Льда и Пламени: Буря мечей', 15, 2, 'ПесньЛьдаИПламениБуряМечей.jpeg', 2000, '«Буря мечей» – это третья часть полюбившейся миллионам читателей саги «Песнь льда и огня». В Семи Королевствах грядет буря – начинается противостояние могущественных кланов в борьбе за власть. В этой битве падут многие. Они станут жертвами политических интриг, предательства друзей и коварства любви. В решающем сражении столкнутся могущественные силы: храбрая Дайнерис, «мать» драконов, целое войско Иных, слухи о жестокости которых эхом разлетаются по всем Семи Королевствам, властитель холодных Северных земель Робб Старк и другие. Выиграет битву только один из них. ', '«Буря мечей» — очень точное название. Самый острый и подлый меч, конечно, принадлежит автору — только ты зазеваешься во время чтения, как он пырнёт кого-нибудь из главных героев, отхватив изрядный кусок, а то и вовсе прикончив, хотя ты был на сто процентов уверен, что герой незаменим. Незаменимых героев, оказывается, вовсе нет, убить можно любого, поэтому кровища щедро орошает каждую страничку третьего тома «Песни Льда и Огня», а некоторые сцены вольной художественной резни по человеческой плоти могли бы заставить побледнеть репортёров НТВ (если бы, конечно, кто-нибудь дозволил снять репортаж о такой мясорубке в реальности). Кому война, кому мать родна — начинается-то всё довольно мирно, хотя все, у кого есть руки, стараются схватить посильнее что-нибудь острое или тяжёлое. Женщины тоже. Отношение к ним, впрочем, обрисовывается очень чётко: одна Кэти Старк чего стоит, которая оценивает всех дам аки племенных кобылиц — какой из них побыстрее да половчее будет нарожать побольше пушечного мяса для громких титулов и быстрой смерти. Впрочем, остальные тоже весьма серьёзно относятся к высокопроизводительному спариванию родов, семей и отдельных лиц, стремясь подогнать деторождение и сребролюбие под какой-то общий знаменатель так, чтобы всем стало хорошо. Увы, хорошо будет очень мало кому. И всё же в этой буре мечей всё настойчивей и настойчивей звучат нотки магической реальности, которой в первых двух книгах было с гулькин нос. Конечно, добрая сталь — завсегда хорошо, но подленько брызнуть чем-нибудь гадким и колдовским персонажам удаётся всё чаще и чаще. Наступает Смута. Каждый сам за себя. Тут уже дело даже не в пяти-шести-сорока королях, тут каждый должен спасать свою собственную и неповторимую шкуру. Впрочем, некоторые герои в такой неразберихе чувствуют себя как в родной стихии. Остаётся только порадоваться за них и посочувствовать менее гибким товарищам. Ещё очень интересно наблюдать соотношение плоти и духа. Как только плоть какого-либо героя изменяется (чаще всего, конечно, умерщвляется, усекается, калечится или уродуется) — так сразу его душевные качества начинают ходить ходуном, меняя характер, зачастую в сторону «положительную» (если вообще в данной саге могут существовать положительные или отрицательные герои). Вот бы вовремя Серсее отрубить ногу или выбить царственный голубой глаз, глядишь, поумнела бы блондинистая стервь. Однако красота требует жертв, в данном случае — интеллектуальных. В целом третий том, несмотря на обилие смертей и зрелищных драчек, проходит довольно ровно. Как правило, после него от саги немного подустают и дальше читают уже после перерыва. Наверное, это не самый плохой подход. После каждой бури должно быть затишье.'),
(29, 'По ком звонит колокол', 16, 3, 'ПоКомЗвонитКолокол.jpg', 1940, 'В одном из лучших своих романов «По ком звонит колокол», написанном по впечатлениям от пережитого в Испании в годы Гражданской войны, классик литературы XX века Эрнест Хемингуэй остался верен главной теме своего творчества — теме любви и смерти, ответственности человека за все, что происходит в мире. Сменив мирный труд преподавателя на опасное занятие подрывника, американец Роберт Джордан сражается с франкистами в Испании и обретает свою подлинную любовь.', 'Говорите Хэмингуэй примитивный? Скучный, черствый сухарь? Прочитав роман, вы совсем не смогли себе представить Испании? Вы не увидели ее густых сосновых лесов с крутыми скалами, петляющими горными дорогами; не почувствовали одуряющую погоду, которая преподносит в мае крупные хлопья снега? И вам так и не пришлось вообразить кровавое зрелище корриды и травли быков! Вас совсем не поразила разноплановая труднопередаваемая картина гражданской войны. Война, в которой нет ни правых, ни виноватых, а есть только жажда жизни, причем прожить нужно все сегодня, здесь и сейчас. Завтрашний день может просто не наступить, тебя застрелит мимоходом в твоем спальном мешке кавалеристский разъезд. И как тут можно что-то разобрать: коммунисты, республиканцы, фашисты, анархисты; американцы, испанцы, французы, русские, венгры, цыгане; партизаны, солдаты, жандармы, добровольцы; отряды в тылу противника, интернациональные бригады, кавалеристские разъезды, военная верхушка в Мадриде, танковые части, бомбардировщики, истребители - сплошная кутерьма. Нет, старик Хэм не смог этого передать. Вам не понравилась любовная линия романа. Совсем не понравилась. Более примитивных любовных диалогов вы еще не встречали. Ведь обычно воркование между влюбленными наполнено выспренними глубокими фразами, о высоком, о вечном. А тут? -Мария! - Роберто! -Мария! - Я люблю тебя, Роберто! Разве ж это любовь? Смех, да и только. И никого не впечатляют картины зверств анархистов над фашистами, фашистов над коммунистами, а в сущности граждан одной страны друг над другом. Кого может потрясти вид экзекуции, плавно переходящей в смертную казнь, когда сквозь строй прогоняют своих вчерашних соседей, встречая их ударами цепов для молотьбы хлеба, а после окончания строя сбрасывают их в пропасть, заваливая трупами протекающую внизу реку. И уж совсем не задевает рассказ об отрезанных головах партизан, качающихся в мешке, притороченном к седлу. Ну и что, на войне как на войне. В наше время боевиков и ужастиков такими рассказами только детей пугать! Хватит, не будем вдаваться в подробности, а повесим ярлычок "не мой писатель" и дело с концом. Пожелаем только себе, чтобы нас миновала участь героев романа, и нашей стране не пришлось снова проходить этап гражданской войны. Да здравствует мир! Да здравствует Республика! '),
(30, 'Портрет Дориана Грея', 17, 3, 'ПортретДорианаГрея.jpg', 1990, 'Красивый юноша Дориан посвящает свою жизнь наслаждению, для него нет запретных удовольствий, он одновременно порочен и романтичен, ценит эстетику красоты, но с исступлением предается разврату. Эти противоречия вызывают постоянную внутреннюю борьбу в душе героя и приводят к трагической развязке. ', 'Начало книги "Портрет Дориана Грея" был приятен, легок и ничем не омрачён, до определенного момента.\r\nУмопомрачительная внешность юнца Дориана, могла бы свести с ума немало девушек и в наше время. Но как он был для меня порой отвратителен, противен. Прелестный внешне, но смертельно губительный для тех, вниманием которых он будет окружен. Без сомнений, могу сказать, что наши поступки и наш образ жизни естественно сказывается на нашем внешнем виде. Присутствует легкая поддача под влияние другого человека. В романе, на мой взгляд, нет ни единого героя, с которого можно было брать пример для существования в реальной жизни. Если придерживаться таких же жизненных принципов и понятий, уж наш портрет быстро увянет (и одной морщинкой возле губ мы не отделаемся)!\r\nВечно быть молодым и купаться во всевозможных удовольствиях, абсолютно забыв о чувствах других людей, самое наивысшее проявление эгоизма.\r\nПостоянно критиковать, в ярких красках доносить суть жизни, оказывать бешенное влияние - слишком уникален Уайльд, чтобы доносить свои желания и мысли простым, наивным образом.\r\nИзредка в моменты просветления, Дориан считал, что он развлекался с жизнями людей, совершал неблагоразумные поступки, но виновен его друг художник. Погрузившись, в отвратительный мир хочется сказать лишь одно «Стать зрителем собственной жизни - это значит уберечь себя от земных страданий».\r\nЛучше бы Бэзил Холлуорд подарил Дориану вместо портрета, зеркало. Тогда, может быть, Дориан понял, что он сам пришел к такой жизни.\r\nДумаю, что конец романа "Портрет Дориана Грея" это самое наилучшее, что могло произойти с Дорианом.\r\nКнига написана красиво, со множеством красивых оборотов, описание природы безупречно, невозможно не построить цепочку из событий, что были так схожи с красотой моральной и красотой душевной. Не жалею, что прочла роман "Портрет Дориана Грея".\r\nМожно немало для себя изъять!'),
(31, 'Скотный двор', 3, 4, 'СкотныйДвор.jpg', 1945, 'Притча, полная юмора и сарказма. Может ли скромная ферма стать символом тоталитарного общества? Конечно, да. Но… каким увидят это общество его «граждане» – животные, обреченные на бойню?', 'Я в шоке, дорогие товарищи. Это самая страшная книга в моей жизни. Да-да, старина Кинг нервно курит в сторонке со своими Лангольерами, Томминокерами и ОНОм. Потому что в отличие от этих "страшилок" мир Оруэлла правдив, этим и страшен.\r\nЛюди, они такие нежные создания, что с ними можно сделать всё что угодно. Человек слаб, и когда ему больно и страшно - он способен на любое предательство, даже предательство самого себя. Особенно, если знает, что избавления в виде смерти от этого страха и этой боли ему не дождаться.\r\nУ меня просто волосы вставали дыбом от узнавания. От осознания того, что сейчас отращивает себе первые ложноножки, но уже вполне жизнеспособно для того, чтобы вырасти в монстра. Один Старший Брат у нас уже был, Отцом Народов назывался, но тогда чего-то не срослось, возможно, не хватило технического уровня, возможно, слишком мужественных людей компартия воспитывала, а с такими труднее. Последователи, опять же, думали больше о себе, а не о благе партии.\r\nЗато сейчас всё готово. И новый СБ будет, вероятно, еще страшнее Оруэлловского...'),
(32, 'Старик и море', 16, 9, 'СтарикИМоре.jpg', 1952, 'Повесть Э.Хемингуэя «Старик и море», за которую автор получил в 1954 году Нобелевскую премию, уже давно стала современной классикой. История рыбака Сантьяго — это история нелегкого пути человека на земле, каждый день ведущего борьбу за жизнь и вместе с тем стремящегося сосуществовать в гармонии и согласии с миром, осознающего себя не одиночкой, как было в предыдущих произведениях писателя, а частицей огромного и прекрасного мира.', 'Сюжет прост. Известен. Каждый знает это произведение. Одинокий рыбак поймал огромную рыбу, боролся с ней несколько дней, но так и не смог сохранить. Всё. Две строчки вышли из-под пера Хеминнгуэя в замечательную философскую повесть о бесконечном одиночестве, о борьбе, о мечте и прошедшей жизни. Надо же, один в море, в борьбе с огромной рыбой, у бедного старика были мысли о шпоре на пятке у известного бейсболиста.Он думал- как ему со шпорой на пятке, при этом не думал о себе, останется ли он жить после схватки с рыбой, или погибнет в море.. У Старика есть друг- мальчик, который к нему искренне привязан, помогает и поддерживает его. Так откуда в душе у старого человека бесконечное одиночество? Сдаётся мне, оно было всегда, оно не пришло тогда, когда настала старость, он живёт с ним всю жизнь..И ведь не зря он сравнивает себя с этой рыбой- такой же одинокой, как и он.. Понравились мне люди в этой повести. Все заняты вроде бы своим делом, каждый рыбачит сам за себя, но всё же они переживают за старика, и относятся к нему по-доброму..Они не приучены к красивым словам, море ведь не терпит нежности, они рыбаки, но они добрые в душе. И это подкупает. Мальчик со временем тоже станет молчалив, всё больше уходя в себя. Море не терпит болтунов, а пока он просто мальчик, привязанный к старику, самый сладостный сон которого это львы.. Боюсь, что я так до конца и не осознала этой повести, боюсь, что заглядывая в душу героям, упустила что-то важное, что хотел сказать Хемингуэй..Да, борьба, вызов морю, вызов себе, желание поймать рыбу, желание выжить, увидеть кумира и видеть во сне львов...Но, посмотрев в душу- бесконечное одиночество... '),
(33, 'Тринадцатая сказка', 18, 3, 'ТринадцатаяСказка.jpg', 2006, 'Маргарет Ли работает в букинистической лавке своего отца. Современности она предпочитает Диккенса и сестер Бронте. Тем больше удивление Маргарет, когда она получает от самой знаменитой писательницы наших дней Виды Винтер предложение стать ее биографом. Ведь ничуть не меньше, чем своими книгами, мисс Винтер знаменита тем, что еще не сказала ни одному интервьюеру ни слова правды. И вот перед Маргарет, оказавшейся в стенах мрачного, населенного призраками прошлого особняка, разворачивается в буквальном смысле слова готическая история сестер-близнецов, которая странным образом перекликается с ее личной историей и постепенно подводит к разгадке тайны, сводившей с ума многие поколения читателей, – тайне «Тринадцатой сказки»…', '"Хорошая сказка всегда берет верх над жалкими огрызками правды"\r\n"Тринадцатая сказка" - дебютный роман английской преподавательницы французской литературы Дианы Сеттерфилд. И, видимо, зря она потратила часть своей жизни на обучение студентов, потому что первая же ее книга вышла бешеными тиражами и покорила миллионы читателей по всему миру. Стиль писательницы критика сравнивает с творчеством сестер Бронте и Дафны Дюморье, ее также называют основательницей жанра неоготики. \r\nДействительно, "Тринадцатая сказка" имеет много общего с романтически-готическими произведениями викторианской и более поздних эпох. Поклонникам "Грозового перевала", "Джейн Эйр" и "Ребекки" непременно придется по вкусу творение Дианы Сеттерфилд. \r\nМаргарет Ли работает в книжном магазине своего отца и увлеченно читает исключительно классическую литературу, принципиально не касаясь творений современных авторов. Естественно, девушка сильно удивляется, получив предложение написать биографию одной из самых известных и читаемых писательниц современности. Еще сильнее оказывается ее удивление, когда она понимает, у них с загадочной Видой Винтер гораздо больше общего, чем она могла себе представить... \r\nРоман проникнут духом старой Англии. Старый, богатый дом, загадочная история с призраками прошлого, люди, которые, кажется, попали в современный мир из минувших столетий... В общем, в наличии все компоненты доброго английского романа. \r\nК сильным сторонам произведения можно отнести интригующий и захватывающий сюжет, ярких, хорошо "прорисованных" персонажей и хороший язык (да, да, правильнее было бы говорить о достойном переводе, но я твердо уверена, что невозможно сделать настолько хороший перевод плохой книги, чтобы она показалась хорошей). \r\nЕдинственное, что немного расстроило меня - это концовка. На мой взгляд, Сеттерфилд сильно с ней перемудрила и это не пошло на пользу книге. Хотя сейчас, через несколько лет после первого прочтения, она уже не кажется мне такой уж плохой, да и роман в целом мне нравится настолько, что я могу простить ему такой огрех как не совсем удачная (на мой субъективный взгляд) развязка.\r\nЯ рекомендую читать эту книгу всем, кому нравится классическая английская литература и мрачные готические сюжеты. Особенно - тем, кто относится к современной литературе так же скептически, как я (то есть крайне скептически). При этом "Тринадцатая сказка" вовсе не является пародией на викторианский роман - это самоценное произведение, однозначно достойное прочтения.'),
(34, 'Три товарища', 19, 3, 'ТриТоварища.jpg', 1936, 'О настоящих человеческих чувствах можно прочитать в одном из самых пронзительных романов 20 века «Три товарища». На фоне социального, экономического и политического кризиса развиваются отношения Робби и Пат – людей разных слоев и материального положения. Продолжая тематику потерянного поколения, Э.М. Ремарк затрагивает вопросы войны и рассказывает о людях, которые не могут избавиться от призраков прошлых лет. Произведение Ремарка наполнено жаждой жизни, несмотря на пропитавшую каждую его страницу смерть. ', 'Ремарк правдив. Ремарк не оставляет иллюзий. Но разве оставляет нам их жизнь?Это проникновенный, искренний роман о дружбе и любви. Ремарк заставляет переживать всю гамму чувств. Что ни страница, то- цитата, то мысли, которые ни один раз приходили долгими бессонными ночами. А надо же, мы мыслим оказывается одинаково.\r\nГерои. Полюбила я их всей душой. Товарищи и в радости и в горе, стоят друг за друга горой. И это доказывают именно своими поступками. Тем тяжелее мне сейчас писать..Пройдя крещение войной они уже не смогут разлучиться. Их не изменит быт, на них не нападёт ржавчина алчности и жадности. Они смогут принять любимую одного из них. Они всё могут. Но на книжных страничках атмосфера трагизма. В каждой строчке, в каждой фразе что-то щемящее сердце. Но я хорошо изучила Ремарка. Он не оставляет надежды. Как иногда порой не оставляет её жизнь. Но три товарища идут по жизни, и пока они вместе с ними ничего не может случиться. Им надо быть вместе. Просто необходимо. Но разве в жизни всегда бывает то, что необходимо?\r\nЗарождающееся чувство, побеждающее цинизм, переходит в настоящую любовь. Настоящую, где есть место доверию и пониманию, где просто понимаешь другого, лишь посмотрев в его глаза. А как они не хотели признаваться сами себе в этой любви! И на вопрос, который задавали друг другу: «Ты меня любишь?», отвечали «Нет». И никто не обижался, всё понималось правильно. Но семя, случайно брошенное взглядом, словом, движением, в душе дало росток. Почва была благодатная, за маской скептицизма и цинизма была чистая и светлая душа, которая не очерствела во время войны, которая смогла сохранить себя. Смогла сохранить дружбу. Как Робби обращался к Пат- «мой старый дружище». (до сих пор слёзы на глазах). А то, что сделал для Робби Отто- всё это не может оставить равнодушным. Никто не скажет, что так не бывает, потому что Ремарк, повторюсь ещё раз правдив, ему веришь, и хочется, что бы он немного отступил от своей реальности, немного смягчил, украсил..Но разве так бывает в жизни? И как порой мы уходим в своё горе, часто не замечая горе других. И задаём себе эти бесконечные вопросы- почему это случается именно со мной ( с близким мне человеком)..А вокруг такие же люди со своими страданиями и радостями. Но ты этого не хочешь принимать.\r\nРемарк не оставляет иллюзий, да. Но Ремарк не жесток. Ремарк- философ, рассказывающий нам о жизни такой, какая она есть. Он не выливает ушат грязи, но и не надевает розовых очков. Вот она жизнь- такая, какая есть. Она распростёрта перед вами- смотрите и живите. А как жить- уж решайте сами. Но только уж прошедшие войну товарищи понимают больше. И поэтому так ценят свою дружбу и то, что у них есть. Товарищи, дорогие мои товарищи. Почему, вспоминая вас теперь, после того, как я закрыла книгу, я не могу вас забыть? Почему мне хочется плакать, а в то же время я знаю, что ни один из вас этого не одобрил бы? Это всё он, Ремарк. Романтик. Реалист. Где-то циник, философ, это он, не оставляющий надежд… Но хочется всё-таки верить, что их нам оставит жизнь.'),
(35, 'Триумфальная арка', 19, 3, 'ТриумфальнаяАрка.jpg', 1948, 'Война, смерть и любовь: какое еще сочетание может быть более трагичным и одновременно более романтичным? До сих пор «Триумфальная арка» Э.М. Ремарка не утратила своего влияния на читателей по всему миру. Этот грандиозный роман волнует умы и души, заставляя с первых страниц сопереживать героям и задумываться над собственной жизнью. Действие романа переносит читателей в довоенный Париж, когда в смутное и неспокойное время изумительная Жоан Маду и доктор Равик встретили друг друга. Он – врач-эмигрант, оперирующий тяжелобольных, но не смеющий назвать своего имени. Она – актриса, чей талант далек от идеала. Что может связать этих непохожих людей? Только любовь. Неудивительно, что этот тревожный и западающий в сердце роман был экранизирован не единожды. Книга-жизнь, которую уже пережили миллионы читателей, готова открыться новым людям. Печальный и страстный, полный любви и страха, надежд и отчаяния роман «Триумфальная арка» ни за что не оставит вас равнодушными.', 'Это не книга, нет. Это целая жизнь, пробирающая до мурашек, от которой невозможно оторваться и которая надолго останется в сердце.На такие книги сложно писать отзывы, даже слишком. Потому что они сбивают с ног и не дают времени, чтобы опомниться. С самых первых строк читателя как будто подхватывает волной, такой огромной, а он сидит на гребне, не в силах ничего изменить, не имея возможности выбраться на берег. Потому что книга – как море. И даже больше.\r\nДва человека. Мужчина, «жалкий романтик, лишенный иллюзий и временно именуемый в этой короткой жизни Равик». Женщина, «амазонка с глазами цвета морской волны, наделенная инстинктом наседки и проповедующая банкирский идеалы», Жоан. Профессиональный хирург, лучший из лучших, которому приходится прятаться от полиции в чужой, однако более родной, чем Германия, стране, не выдавая себя, работая подпольно, отдавая все свои заслуги другому. Актриса, и сама понимающая, что ее талант не идеален, яркая и эмоциональная, отличающаяся от многих и мечтающая о том, чтобы любили и восхищались только ей. Что их объединяет? Любовь, конечно же она. Трагичная, в чем-то сумасшедшая, но однако любовь. Они потрясающие, их невозможно не полюбить. А как меняется Жоан на протяжении всей книги! Впервые мы встречаем безучастную ко всему, «пустую женщину», а к концу она расцветает, меняется до неузнаваемости. И вместе с тем меняет Равика, с ног на голову перевернув его жизнь, всколыхнув старые воспоминания.А между всем операции, удачные и неудачные, мальчик без ноги, женщина, которая больше никогда не родит. И Кэт со смертью в животе. К ней я особенно привязалась. Она смогла. Она смогла принять это, смогла смириться.\r\nПотом сестра, которой выздоравливающие дарят подарки, а умирающие не дарят ничего. Семья евреев и мальчик, задающий глупый, однако все равно безответный вопрос. И женщина, видящая тараканов, одних тараканов вокруг.\r\nСтолько людей, столько образов. И все это в предвоенном Париже, понимающем неизбежность войны, однако все еще надеющемся на то, что кровавые бои его не заденут.\r\nИ между тем там остается место для мести, беспощадной, угнетающей, затуманившей рассудок. Однако справедливой. Для меня она более, чем справедлива. Пусть Хааке лишь жалкий человек, выполняющий чьи-то поручения, пусть он на деле никто, однако именно в нем выражается вся злоба, все несчастья - это именно он.\r\n«Время лечит». Люди постоянно твердят это, считая эти слова лучшим утешением, ведь «через пару лет ты и совсем про это забудешь». Однако это не правда, теперь я не верю. Это глупые, глупые слова. Время с прошлым всегда у тебя за спиной, от них никуда не деться, если днем еще возможно скрыться, соорудить неприступную стену, то ночью они обязательно тебя найдут. И они не дают ране зажить, снова и снова напоминая о ней. Время не лечит. Это мне рассказал Равик, а ему я верю.\r\nЗнаете, бывает такое, когда полностью, со всеми концами, погружаешься в книгу, что из нее не вытащить никакими способами. А ты как будто стоишь где-то в стороне, за углом, и наблюдаешь за героями. Ведь бывало такое? У меня с «Триумфальной аркой» все было именно так и никак иначе. Хотела смаковать описания, чтобы она тянулась, как патока, эта потрясающая книга, и в начале это даже получалось, а в итоге проглотила ее за один день.А как она закончилась! И теперь я понимаю, что конец не мог быть никаким другим, только так, пусть жестоко, пусть тяжело, но никак иначе. В конце эта книга ударила наотмашь, а потом выстрелила в шею, попав прямо в седьмой позвонок. И у меня парализовало ноги, потом руки, а потом стало сложно дышать. Это сильная книга, производящая не менее сильное впечатление.\r\nПотрясающий момент, когда каждый их них заговорил на своем языке. Они сломили все преграды, разрушили все стены, но это случилось слишком поздно. А ведь Жоан не раз говорила, что между ними какая-то стена. А когда преграда исчезла, она не смогла вдоволь насладиться этим, не смогла насладиться и тем, что наконец-то полностью заполучила Равика. Именно эта сцена очень сильно меня потрясла. И во мне тогда что-то оборвалось.И до сих пор я под впечатлением, эта книга о многом. Это книга, которая оставляет после себя горькое послевкусие.'),
(36, 'Убить пересмешника', 20, 3, 'УбитьПересмешника.jpg', 1960, 'История маленького сонного городка на юге Америки, поведанная маленькой девочкой.\r\nИстория ее брата Джима, друга Дилла и ее отца – честного, принципиального адвоката Аттикуса Финча, одного из последних и лучших представителей старой «южной аристократии».\r\nИстория судебного процесса по делу чернокожего парня, обвиненного в насилии над белой девушкой.\r\nНо прежде всего – история переломной эпохи, когда ксенофобия, расизм, нетерпимость и ханжество, присущие американскому югу, постепенно уходят в прошлое.\r\n«Ветер перемен» только-только повеял над Америкой. Что он принесет?..', 'Сейчас, наверное, я не смогу написать ничего вразумительного, ибо меня охватили одни эмоции. Еле сдерживаюсь, что бы не заплакать, ведь я всё-таки сейчас на людях, не поймут, да и не объяснишь всем.Это потрясающая книга! Книга, которая уносит далеко в детство, где и закладывается тот самый основной фундамент жизни. Ведь дети смотрят на мир взрослых и делают выводы, они видят малейшую ложь, чувствуют расхождение между словами и поступками. И поэтому очень важно быть одним -самим собой на людях и дома.\r\nКнига добрая. И справедливая. Очень долго я присматривалась к ней. Сначала удивляло название – вроде бы что-то про убийство, а обложка- двое прекрасных детей. Это заинтересовало. Потом я прочла об этой книге в «Прислуге». Так постепенно и пришла непосредственно к «Пересмешнику». Завидую сейчас тем, кто ещё не читал эту книгу! Но. Зная сюжет теперь её надо обязательно перечитать, что бы больше делать акцент на том, что можно прочесть «между строк». А между строк можно прочесть очень многое - о воспитании, об обучении, о взглядах на жизнь и на противоречие этим взглядам. А ещё на прекрасные отношения внутри семьи. Прекрасная дружба между братом и сестрой. Прекрасные отношения- друг за дружку горой, но и наедине друг с другом умеют постоять за себя. Они тоже такие, как и их отец- и дома и на людях. И наверно, поэтому их и полюбил странный обитатель загадочного дома.\r\nЕсли бы я читала эту книгу в детстве, то страстно бы ненавидела тётю Александру и прочих старых леди. Но сейчас я смотрю на ситуацию немного иными глазами. Я восхищаюсь отцом этих детей. Его терпением, умением объяснить, поговорить, а главное не повышая голоса заставить слушаться. Не знаю, почему сам себя он считает плохим родителем.. Одно то, что его слова и поступки не расходятся с делом уже говорит о многом. Воспитание на своём примере. Без фальши.\r\nА игры детей! Неужели когда-то так играли? Ставили спектакли, делали домики на деревьях? Цивилизация всё это смывает медленной волной, оставляя главное слово за собой. А жаль..Недавно, проходя мимо стадиона, заметила, что кроме мам с малышами и колясками там больше никого нет. А ведь каникулы!\r\nИ окунулась сама в мир детства. Вспомнила, как ждала лета, лучшую подругу. Как с ней дни напролёт что-то сочиняли, рассказывали свои истории. И как не хотелось в школу, потому что лето- это свобода, а осень эту свободу ограничивала.\r\nНо самое главное в книге конечно не это. Самое главное, трагическое – это противостояние человека и общества с его предрассудками. Как может жизнь порядочного чернокожего человека быть ниже жизни поддонка но с белой кожей? И общество, видя это и зная это всё равно выносит свой приговор. Это и правда всё равно, что убить пересмешника. Не отпускает.');

-- --------------------------------------------------------

--
-- Структура таблицы `favorite`
--

CREATE TABLE IF NOT EXISTS `favorite` (
  `id` int(10) unsigned NOT NULL AUTO_INCREMENT,
  `id_user` int(10) unsigned NOT NULL,
  `id_book` int(10) unsigned NOT NULL,
  PRIMARY KEY (`id`),
  KEY `id_user` (`id_user`,`id_book`),
  KEY `id_book` (`id_book`)
) ENGINE=InnoDB  DEFAULT CHARSET=cp1251 AUTO_INCREMENT=7 ;

--
-- Дамп данных таблицы `favorite`
--

INSERT INTO `favorite` (`id`, `id_user`, `id_book`) VALUES
(1, 1, 2),
(6, 1, 17),
(3, 1, 23);

-- --------------------------------------------------------

--
-- Структура таблицы `genres`
--

CREATE TABLE IF NOT EXISTS `genres` (
  `id_genre` int(10) unsigned NOT NULL AUTO_INCREMENT,
  `genre` varchar(20) NOT NULL,
  PRIMARY KEY (`id_genre`)
) ENGINE=InnoDB  DEFAULT CHARSET=cp1251 AUTO_INCREMENT=10 ;

--
-- Дамп данных таблицы `genres`
--

INSERT INTO `genres` (`id_genre`, `genre`) VALUES
(1, 'Фантастика'),
(2, 'Фэнтези'),
(3, 'Роман'),
(4, 'Антиутопия'),
(5, 'Триллер'),
(6, 'Сказка'),
(7, 'Ужасы'),
(8, 'Драма'),
(9, 'Повесть');

-- --------------------------------------------------------

--
-- Структура таблицы `users`
--

CREATE TABLE IF NOT EXISTS `users` (
  `id_user` int(10) unsigned NOT NULL AUTO_INCREMENT,
  `login` varchar(20) NOT NULL,
  `email` varchar(30) NOT NULL,
  `password` varchar(20) NOT NULL,
  `access` varchar(5) NOT NULL DEFAULT 'guest',
  PRIMARY KEY (`id_user`),
  UNIQUE KEY `login` (`login`)
) ENGINE=InnoDB  DEFAULT CHARSET=cp1251 AUTO_INCREMENT=3 ;

--
-- Дамп данных таблицы `users`
--

INSERT INTO `users` (`id_user`, `login`, `email`, `password`, `access`) VALUES
(1, 'admin', 'admin@gmail.com', 'admin', 'admin'),
(2, 'test1', 'test@gmail.com', 'test1', 'guest');

--
-- Ограничения внешнего ключа сохраненных таблиц
--

--
-- Ограничения внешнего ключа таблицы `books`
--
ALTER TABLE `books`
  ADD CONSTRAINT `books_ibfk_1` FOREIGN KEY (`id_auth`) REFERENCES `authors` (`id_author`),
  ADD CONSTRAINT `books_ibfk_2` FOREIGN KEY (`id_genre`) REFERENCES `genres` (`id_genre`);

--
-- Ограничения внешнего ключа таблицы `favorite`
--
ALTER TABLE `favorite`
  ADD CONSTRAINT `favorite_ibfk_1` FOREIGN KEY (`id_user`) REFERENCES `users` (`id_user`),
  ADD CONSTRAINT `favorite_ibfk_2` FOREIGN KEY (`id_book`) REFERENCES `books` (`id_book`);

/*!40101 SET CHARACTER_SET_CLIENT=@OLD_CHARACTER_SET_CLIENT */;
/*!40101 SET CHARACTER_SET_RESULTS=@OLD_CHARACTER_SET_RESULTS */;
/*!40101 SET COLLATION_CONNECTION=@OLD_COLLATION_CONNECTION */;
